Date Time,PM10,PM2.5
02/27/23 09:47:00 AM,26,20
02/27/23 09:46:00 AM,25,21
02/27/23 09:45:00 AM,25,21
02/27/23 09:44:00 AM,26,21
02/27/23 09:43:00 AM,26,21
02/27/23 09:42:00 AM,24,21
02/27/23 09:41:00 AM,24,20
02/27/23 09:40:00 AM,25,20
02/27/23 09:39:00 AM,25,21
02/27/23 09:38:00 AM,24,20
02/27/23 09:37:00 AM,25,20
02/27/23 09:36:00 AM,23,20
02/27/23 09:35:00 AM,24,20
02/27/23 09:34:00 AM,24,20
02/27/23 09:33:00 AM,25,20
02/27/23 09:32:00 AM,24,20
02/27/23 09:31:00 AM,23,20
02/27/23 09:30:00 AM,23,19
02/27/23 09:29:00 AM,23,19
02/27/23 09:28:00 AM,23,20
02/27/23 09:27:00 AM,24,20
02/27/23 09:26:00 AM,24,19
02/27/23 09:25:00 AM,24,19
02/27/23 09:24:00 AM,24,19
02/27/23 09:23:00 AM,23,19
02/27/23 09:22:00 AM,24,20
02/27/23 09:21:00 AM,23,19
02/27/23 09:20:00 AM,23,19
02/27/23 09:19:00 AM,24,20
02/27/23 09:18:00 AM,23,19
02/27/23 09:17:00 AM,24,19
02/27/23 09:16:00 AM,23,19
02/27/23 09:15:00 AM,23,19
02/27/23 09:14:00 AM,23,19
02/27/23 09:13:00 AM,23,19
02/27/23 09:12:00 AM,23,19
02/27/23 09:11:00 AM,23,19
02/27/23 09:10:00 AM,24,20
02/27/23 09:09:00 AM,22,19
02/27/23 09:08:00 AM,22,19
02/27/23 09:07:00 AM,23,19
02/27/23 09:06:00 AM,23,19
02/27/23 09:05:00 AM,24,19
02/27/23 09:04:00 AM,24,19
02/27/23 09:03:00 AM,24,20
02/27/23 09:02:00 AM,24,19
02/27/23 09:01:00 AM,23,19
02/27/23 09:00:00 AM,24,19
02/27/23 08:59:00 AM,23,19
02/27/23 08:58:00 AM,23,19
02/27/23 08:57:00 AM,23,19
02/27/23 08:56:00 AM,23,19
02/27/23 08:55:00 AM,23,19
02/27/23 08:54:00 AM,23,19
02/27/23 08:53:00 AM,23,19
02/27/23 08:52:00 AM,23,19
02/27/23 08:51:00 AM,23,19
02/27/23 08:50:00 AM,23,19
02/27/23 08:49:00 AM,23,19
02/27/23 08:48:00 AM,23,19
02/27/23 08:47:00 AM,22,19
02/27/23 08:46:00 AM,23,19
02/27/23 08:45:00 AM,24,19
02/27/23 08:44:00 AM,24,19
02/27/23 08:43:00 AM,23,19
02/27/23 08:42:00 AM,23,19
02/27/23 08:41:00 AM,22,19
02/27/23 08:40:00 AM,22,19
02/27/23 08:39:00 AM,23,19
02/27/23 08:38:00 AM,24,19
02/27/23 08:37:00 AM,23,19
02/27/23 08:36:00 AM,24,19
02/27/23 08:35:00 AM,24,20
02/27/23 08:34:00 AM,23,19
02/27/23 08:33:00 AM,23,19
02/27/23 08:32:00 AM,24,19
02/27/23 08:31:00 AM,22,18
02/27/23 08:30:00 AM,24,19
02/27/23 08:29:00 AM,23,19
02/27/23 08:28:00 AM,24,19
02/27/23 08:27:00 AM,23,19
02/27/23 08:26:00 AM,24,19
02/27/23 08:25:00 AM,23,19
02/27/23 08:24:00 AM,23,19
02/27/23 08:23:00 AM,23,19
02/27/23 08:22:00 AM,23,19
02/27/23 08:21:00 AM,24,19
02/27/23 08:20:00 AM,23,19
02/27/23 08:19:00 AM,23,19
02/27/23 08:18:00 AM,24,19
02/27/23 08:17:00 AM,23,19
02/27/23 08:16:00 AM,23,19
02/27/23 08:15:00 AM,24,19
02/27/23 08:14:00 AM,25,20
02/27/23 08:13:00 AM,24,19
02/27/23 08:12:00 AM,23,19
02/27/23 08:11:00 AM,23,19
02/27/23 08:10:00 AM,23,19
02/27/23 08:09:00 AM,23,19
02/27/23 08:08:00 AM,23,19
02/27/23 08:07:00 AM,23,19
02/27/23 08:06:00 AM,25,20
02/27/23 08:05:00 AM,23,19
02/27/23 08:04:00 AM,24,19
02/27/23 08:03:00 AM,23,19
02/27/23 08:02:00 AM,23,18
02/27/23 08:01:00 AM,23,19
02/27/23 08:00:00 AM,24,19
02/27/23 07:59:00 AM,23,19
02/27/23 07:58:00 AM,23,19
02/27/23 07:57:00 AM,23,19
02/27/23 07:56:00 AM,22,19
02/27/23 07:55:00 AM,23,18
02/27/23 07:54:00 AM,23,19
02/27/23 07:53:00 AM,23,18
02/27/23 07:52:00 AM,22,18
02/27/23 07:51:00 AM,22,18
02/27/23 07:50:00 AM,22,18
02/27/23 07:49:00 AM,23,19
02/27/23 07:48:00 AM,24,18
02/27/23 07:47:00 AM,22,18
02/27/23 07:46:00 AM,22,18
02/27/23 07:45:00 AM,24,18
02/27/23 07:44:00 AM,23,18
02/27/23 07:43:00 AM,22,18
02/27/23 07:42:00 AM,22,18
02/27/23 07:41:00 AM,22,18
02/27/23 07:40:00 AM,22,18
02/27/23 07:39:00 AM,21,18
02/27/23 07:38:00 AM,23,18
02/27/23 07:37:00 AM,22,18
02/27/23 07:36:00 AM,23,18
02/27/23 07:35:00 AM,24,19
02/27/23 07:34:00 AM,23,18
02/27/23 07:33:00 AM,22,18
02/27/23 07:32:00 AM,22,18
02/27/23 07:31:00 AM,22,18
02/27/23 07:30:00 AM,21,18
02/27/23 07:29:00 AM,21,18
02/27/23 07:28:00 AM,22,18
02/27/23 07:27:00 AM,21,18
02/27/23 07:26:00 AM,22,17
02/27/23 07:25:00 AM,21,18
02/27/23 07:24:00 AM,21,17
02/27/23 07:23:00 AM,21,17
02/27/23 07:22:00 AM,21,17
02/27/23 07:21:00 AM,21,17
02/27/23 07:20:00 AM,21,17
02/27/23 07:19:00 AM,21,17
02/27/23 07:18:00 AM,21,17
02/27/23 07:17:00 AM,21,17
02/27/23 07:16:00 AM,21,17
02/27/23 07:15:00 AM,20,17
02/27/23 07:14:00 AM,20,17
02/27/23 07:13:00 AM,20,17
02/27/23 07:12:00 AM,21,17
02/27/23 07:11:00 AM,21,17
02/27/23 07:10:00 AM,20,18
02/27/23 07:09:00 AM,21,17
02/27/23 07:08:00 AM,20,17
02/27/23 07:07:00 AM,21,18
02/27/23 07:06:00 AM,21,17
02/27/23 07:05:00 AM,21,17
02/27/23 07:04:00 AM,20,17
02/27/23 07:03:00 AM,20,17
02/27/23 07:02:00 AM,20,17
02/27/23 07:01:00 AM,21,17
02/27/23 07:00:00 AM,21,17
02/27/23 06:59:00 AM,22,17
02/27/23 06:58:00 AM,20,17
02/27/23 06:57:00 AM,19,17
02/27/23 06:56:00 AM,21,17
02/27/23 06:55:00 AM,20,17
02/27/23 06:54:00 AM,19,17
02/27/23 06:53:00 AM,20,17
02/27/23 06:52:00 AM,20,17
02/27/23 06:51:00 AM,20,17
02/27/23 06:50:00 AM,20,16
02/27/23 06:49:00 AM,20,17
02/27/23 06:48:00 AM,20,17
02/27/23 06:47:00 AM,20,17
02/27/23 06:46:00 AM,20,16
02/27/23 06:45:00 AM,20,17
02/27/23 06:44:00 AM,20,17
02/27/23 06:43:00 AM,20,16
02/27/23 06:42:00 AM,19,17
02/27/23 06:41:00 AM,19,16
02/27/23 06:40:00 AM,19,16
02/27/23 06:39:00 AM,19,16
02/27/23 06:38:00 AM,19,16
02/27/23 06:37:00 AM,19,16
02/27/23 06:36:00 AM,18,16
02/27/23 06:35:00 AM,19,16
02/27/23 06:34:00 AM,19,16
02/27/23 06:33:00 AM,19,16
02/27/23 06:32:00 AM,19,16
02/27/23 06:31:00 AM,19,16
02/27/23 06:30:00 AM,19,16
02/27/23 06:29:00 AM,18,16
02/27/23 06:28:00 AM,20,17
02/27/23 06:27:00 AM,20,16
02/27/23 06:26:00 AM,19,16
02/27/23 06:25:00 AM,19,16
02/27/23 06:24:00 AM,19,16
02/27/23 06:23:00 AM,19,16
02/27/23 06:22:00 AM,19,16
02/27/23 06:21:00 AM,19,16
02/27/23 06:20:00 AM,19,16
02/27/23 06:19:00 AM,19,16
02/27/23 06:18:00 AM,19,16
02/27/23 06:17:00 AM,19,16
02/27/23 06:16:00 AM,19,16
02/27/23 06:15:00 AM,19,16
02/27/23 06:14:00 AM,19,16
02/27/23 06:13:00 AM,19,16
02/27/23 06:12:00 AM,19,16
02/27/23 06:11:00 AM,18,16
02/27/23 06:10:00 AM,19,16
02/27/23 06:09:00 AM,18,16
02/27/23 06:08:00 AM,18,16
02/27/23 06:07:00 AM,18,16
02/27/23 06:06:00 AM,20,16
02/27/23 06:05:00 AM,19,16
02/27/23 06:04:00 AM,19,16
02/27/23 06:03:00 AM,18,16
02/27/23 06:02:00 AM,19,16
02/27/23 06:01:00 AM,18,15
02/27/23 06:00:00 AM,18,15
02/27/23 05:59:00 AM,18,15
02/27/23 05:58:00 AM,19,16
02/27/23 05:57:00 AM,19,16
02/27/23 05:56:00 AM,18,16
02/27/23 05:55:00 AM,19,16
02/27/23 05:54:00 AM,19,16
02/27/23 05:53:00 AM,18,16
02/27/23 05:52:00 AM,20,16
02/27/23 05:51:00 AM,19,16
02/27/23 05:50:00 AM,18,15
02/27/23 05:49:00 AM,18,16
02/27/23 05:48:00 AM,19,16
02/27/23 05:47:00 AM,19,16
02/27/23 05:46:00 AM,19,16
02/27/23 05:45:00 AM,19,16
02/27/23 05:44:00 AM,18,16
02/27/23 05:43:00 AM,19,16
02/27/23 05:42:00 AM,18,16
02/27/23 05:41:00 AM,19,15
02/27/23 05:40:00 AM,19,16
02/27/23 05:39:00 AM,19,16
02/27/23 05:38:00 AM,19,16
02/27/23 05:37:00 AM,19,16
02/27/23 05:36:00 AM,18,15
02/27/23 05:35:00 AM,18,15
02/27/23 05:34:00 AM,18,15
02/27/23 05:33:00 AM,18,15
02/27/23 05:32:00 AM,18,15
02/27/23 05:31:00 AM,18,15
02/27/23 05:30:00 AM,18,15
02/27/23 05:29:00 AM,18,15
02/27/23 05:28:00 AM,19,15
02/27/23 05:27:00 AM,19,16
02/27/23 05:26:00 AM,18,16
02/27/23 05:25:00 AM,19,15
02/27/23 05:24:00 AM,18,15
02/27/23 05:23:00 AM,19,16
02/27/23 05:22:00 AM,18,16
02/27/23 05:21:00 AM,18,16
02/27/23 05:20:00 AM,19,16
02/27/23 05:19:00 AM,18,15
02/27/23 05:18:00 AM,18,16
02/27/23 05:17:00 AM,18,15
02/27/23 05:16:00 AM,18,16
02/27/23 05:15:00 AM,18,16
02/27/23 05:14:00 AM,18,15
02/27/23 05:13:00 AM,19,16
02/27/23 05:12:00 AM,19,16
02/27/23 05:11:00 AM,18,15
02/27/23 05:10:00 AM,19,16
02/27/23 05:09:00 AM,19,16
02/27/23 05:08:00 AM,18,16
02/27/23 05:07:00 AM,18,16
02/27/23 05:06:00 AM,19,16
02/27/23 05:05:00 AM,19,15
02/27/23 05:04:00 AM,18,15
02/27/23 05:03:00 AM,19,16
02/27/23 05:02:00 AM,18,16
02/27/23 05:01:00 AM,18,16
02/27/23 05:00:00 AM,17,15
02/27/23 04:59:00 AM,19,16
02/27/23 04:58:00 AM,18,16
02/27/23 04:57:00 AM,18,16
02/27/23 04:56:00 AM,18,15
02/27/23 04:55:00 AM,18,16
02/27/23 04:54:00 AM,18,16
02/27/23 04:53:00 AM,18,16
02/27/23 04:52:00 AM,18,16
02/27/23 04:51:00 AM,18,16
02/27/23 04:50:00 AM,18,15
02/27/23 04:49:00 AM,17,15
02/27/23 04:48:00 AM,17,15
02/27/23 04:47:00 AM,18,15
02/27/23 04:46:00 AM,18,15
02/27/23 04:45:00 AM,18,15
02/27/23 04:44:00 AM,18,15
02/27/23 04:43:00 AM,17,15
02/27/23 04:42:00 AM,18,15
02/27/23 04:41:00 AM,18,15
02/27/23 04:40:00 AM,17,15
02/27/23 04:39:00 AM,17,15
02/27/23 04:38:00 AM,17,15
02/27/23 04:37:00 AM,19,15
02/27/23 04:36:00 AM,18,15
02/27/23 04:35:00 AM,17,15
02/27/23 04:34:00 AM,18,16
02/27/23 04:33:00 AM,19,16
02/27/23 04:32:00 AM,18,15
02/27/23 04:31:00 AM,17,15
02/27/23 04:30:00 AM,18,15
02/27/23 04:29:00 AM,17,15
02/27/23 04:28:00 AM,17,15
02/27/23 04:27:00 AM,17,15
02/27/23 04:26:00 AM,17,14
02/27/23 04:25:00 AM,17,15
02/27/23 04:24:00 AM,18,15
02/27/23 04:23:00 AM,17,15
02/27/23 04:22:00 AM,17,15
02/27/23 04:21:00 AM,18,15
02/27/23 04:20:00 AM,18,15
02/27/23 04:19:00 AM,17,15
02/27/23 04:18:00 AM,17,15
02/27/23 04:17:00 AM,17,15
02/27/23 04:16:00 AM,17,15
02/27/23 04:15:00 AM,17,15
02/27/23 04:14:00 AM,18,15
02/27/23 04:13:00 AM,18,15
02/27/23 04:12:00 AM,19,15
02/27/23 04:11:00 AM,18,16
02/27/23 04:10:00 AM,18,15
02/27/23 04:09:00 AM,18,15
02/27/23 04:08:00 AM,18,15
02/27/23 04:07:00 AM,18,15
02/27/23 04:06:00 AM,18,15
02/27/23 04:05:00 AM,18,15
02/27/23 04:04:00 AM,18,15
02/27/23 04:03:00 AM,17,15
02/27/23 04:02:00 AM,18,15
02/27/23 04:01:00 AM,18,15
02/27/23 04:00:00 AM,18,15
02/27/23 03:59:00 AM,18,15
02/27/23 03:58:00 AM,18,15
02/27/23 03:57:00 AM,18,15
02/27/23 03:56:00 AM,18,15
02/27/23 03:55:00 AM,18,15
02/27/23 03:54:00 AM,18,15
02/27/23 03:53:00 AM,18,15
02/27/23 03:52:00 AM,18,15
02/27/23 03:51:00 AM,18,15
02/27/23 03:50:00 AM,18,15
02/27/23 03:49:00 AM,17,15
02/27/23 03:48:00 AM,18,15
02/27/23 03:47:00 AM,18,15
02/27/23 03:46:00 AM,18,15
02/27/23 03:45:00 AM,18,15
02/27/23 03:44:00 AM,18,15
02/27/23 03:43:00 AM,17,15
02/27/23 03:42:00 AM,17,15
02/27/23 03:41:00 AM,17,15
02/27/23 03:40:00 AM,18,15
02/27/23 03:39:00 AM,18,15
02/27/23 03:38:00 AM,18,15
02/27/23 03:37:00 AM,18,15
02/27/23 03:36:00 AM,18,15
02/27/23 03:35:00 AM,19,15
02/27/23 03:34:00 AM,19,15
02/27/23 03:33:00 AM,18,15
02/27/23 03:32:00 AM,18,16
02/27/23 03:31:00 AM,17,15
02/27/23 03:30:00 AM,17,15
02/27/23 03:29:00 AM,18,15
02/27/23 03:28:00 AM,18,16
02/27/23 03:27:00 AM,18,15
02/27/23 03:26:00 AM,17,15
02/27/23 03:25:00 AM,18,15
02/27/23 03:24:00 AM,17,15
02/27/23 03:23:00 AM,18,15
02/27/23 03:22:00 AM,17,15
02/27/23 03:21:00 AM,18,15
02/27/23 03:20:00 AM,18,15
02/27/23 03:19:00 AM,18,15
02/27/23 03:18:00 AM,18,15
02/27/23 03:17:00 AM,18,15
02/27/23 03:16:00 AM,18,15
02/27/23 03:15:00 AM,17,15
02/27/23 03:14:00 AM,17,15
02/27/23 03:13:00 AM,18,15
02/27/23 03:12:00 AM,20,16
02/27/23 03:11:00 AM,18,15
02/27/23 03:10:00 AM,19,15
02/27/23 03:09:00 AM,17,15
02/27/23 03:08:00 AM,18,15
02/27/23 03:07:00 AM,18,15
02/27/23 03:06:00 AM,18,15
02/27/23 03:05:00 AM,18,15
02/27/23 03:04:00 AM,18,15
02/27/23 03:03:00 AM,18,15
02/27/23 03:02:00 AM,18,15
02/27/23 03:01:00 AM,18,15
02/27/23 03:00:00 AM,18,15
02/27/23 02:59:00 AM,18,15
02/27/23 02:58:00 AM,17,15
02/27/23 02:57:00 AM,18,15
02/27/23 02:56:00 AM,18,15
02/27/23 02:55:00 AM,18,15
02/27/23 02:54:00 AM,18,15
02/27/23 02:53:00 AM,17,15
02/27/23 02:52:00 AM,18,15
02/27/23 02:51:00 AM,18,15
02/27/23 02:50:00 AM,18,15
02/27/23 02:49:00 AM,18,15
02/27/23 02:48:00 AM,18,15
02/27/23 02:47:00 AM,19,15
02/27/23 02:46:00 AM,18,15
02/27/23 02:45:00 AM,18,15
02/27/23 02:44:00 AM,18,15
02/27/23 02:43:00 AM,18,16
02/27/23 02:42:00 AM,18,16
02/27/23 02:41:00 AM,18,15
02/27/23 02:40:00 AM,17,15
02/27/23 02:39:00 AM,18,15
02/27/23 02:38:00 AM,18,15
02/27/23 02:37:00 AM,18,15
02/27/23 02:36:00 AM,18,15
02/27/23 02:35:00 AM,19,15
02/27/23 02:34:00 AM,18,15
02/27/23 02:33:00 AM,18,15
02/27/23 02:32:00 AM,18,15
02/27/23 02:31:00 AM,18,15
02/27/23 02:30:00 AM,18,15
02/27/23 02:29:00 AM,18,15
02/27/23 02:28:00 AM,18,15
02/27/23 02:27:00 AM,18,15
02/27/23 02:26:00 AM,19,15
02/27/23 02:25:00 AM,18,15
02/27/23 02:24:00 AM,18,15
02/27/23 02:23:00 AM,18,15
02/27/23 02:22:00 AM,18,15
02/27/23 02:21:00 AM,18,15
02/27/23 02:20:00 AM,18,15
02/27/23 02:19:00 AM,19,16
02/27/23 02:18:00 AM,18,15
02/27/23 02:17:00 AM,18,15
02/27/23 02:16:00 AM,18,15
02/27/23 02:15:00 AM,19,15
02/27/23 02:14:00 AM,18,15
02/27/23 02:13:00 AM,18,15
02/27/23 02:12:00 AM,18,16
02/27/23 02:11:00 AM,18,15
02/27/23 02:10:00 AM,18,15
02/27/23 02:09:00 AM,18,15
02/27/23 02:08:00 AM,18,15
02/27/23 02:07:00 AM,18,16
02/27/23 02:06:00 AM,19,15
02/27/23 02:05:00 AM,18,15
02/27/23 02:04:00 AM,19,15
02/27/23 02:03:00 AM,19,15
02/27/23 02:02:00 AM,18,15
02/27/23 02:01:00 AM,18,15
02/27/23 02:00:00 AM,18,15
02/27/23 01:59:00 AM,19,15
02/27/23 01:58:00 AM,18,16
02/27/23 01:57:00 AM,18,16
02/27/23 01:56:00 AM,17,15
02/27/23 01:55:00 AM,18,15
02/27/23 01:54:00 AM,19,16
02/27/23 01:53:00 AM,18,15
02/27/23 01:52:00 AM,18,15
02/27/23 01:51:00 AM,18,15
02/27/23 01:50:00 AM,18,15
02/27/23 01:49:00 AM,19,15
02/27/23 01:48:00 AM,18,16
02/27/23 01:47:00 AM,20,16
02/27/23 01:46:00 AM,19,16
02/27/23 01:45:00 AM,19,16
02/27/23 01:44:00 AM,19,16
02/27/23 01:43:00 AM,19,16
02/27/23 01:42:00 AM,18,15
02/27/23 01:41:00 AM,19,15
02/27/23 01:40:00 AM,19,16
02/27/23 01:39:00 AM,18,15
02/27/23 01:38:00 AM,20,16
02/27/23 01:37:00 AM,18,15
02/27/23 01:36:00 AM,19,15
02/27/23 01:35:00 AM,19,15
02/27/23 01:34:00 AM,20,16
02/27/23 01:33:00 AM,19,16
02/27/23 01:32:00 AM,18,16
02/27/23 01:31:00 AM,18,16
02/27/23 01:30:00 AM,19,16
02/27/23 01:29:00 AM,18,15
02/27/23 01:28:00 AM,18,15
02/27/23 01:27:00 AM,18,15
02/27/23 01:26:00 AM,18,15
02/27/23 01:25:00 AM,19,16
02/27/23 01:24:00 AM,19,15
02/27/23 01:23:00 AM,19,15
02/27/23 01:22:00 AM,19,16
02/27/23 01:21:00 AM,18,15
02/27/23 01:20:00 AM,19,15
02/27/23 01:19:00 AM,19,15
02/27/23 01:18:00 AM,19,15
02/27/23 01:17:00 AM,18,16
02/27/23 01:16:00 AM,19,15
02/27/23 01:15:00 AM,20,15
02/27/23 01:14:00 AM,18,15
02/27/23 01:13:00 AM,19,15
02/27/23 01:12:00 AM,19,16
02/27/23 01:11:00 AM,19,16
02/27/23 01:10:00 AM,19,15
02/27/23 01:09:00 AM,20,16
02/27/23 01:08:00 AM,20,16
02/27/23 01:07:00 AM,18,15
02/27/23 01:06:00 AM,19,16
02/27/23 01:05:00 AM,20,16
02/27/23 01:04:00 AM,19,15
02/27/23 01:03:00 AM,19,16
02/27/23 01:02:00 AM,19,15
02/27/23 01:01:00 AM,18,15
02/27/23 01:00:00 AM,19,16
02/27/23 12:59:00 AM,19,16
02/27/23 12:58:00 AM,19,15
02/27/23 12:57:00 AM,20,16
02/27/23 12:56:00 AM,19,16
02/27/23 12:55:00 AM,19,16
02/27/23 12:54:00 AM,20,15
02/27/23 12:53:00 AM,20,16
02/27/23 12:52:00 AM,20,16
02/27/23 12:51:00 AM,19,15
02/27/23 12:50:00 AM,19,16
02/27/23 12:49:00 AM,18,15
02/27/23 12:48:00 AM,19,15
02/27/23 12:47:00 AM,19,16
02/27/23 12:46:00 AM,19,16
02/27/23 12:45:00 AM,20,15
02/27/23 12:44:00 AM,19,15
02/27/23 12:43:00 AM,19,15
02/27/23 12:42:00 AM,18,15
02/27/23 12:41:00 AM,19,15
02/27/23 12:40:00 AM,19,15
02/27/23 12:39:00 AM,20,15
02/27/23 12:38:00 AM,19,15
02/27/23 12:37:00 AM,19,15
02/27/23 12:36:00 AM,18,15
02/27/23 12:35:00 AM,19,15
02/27/23 12:34:00 AM,19,15
02/27/23 12:33:00 AM,18,15
02/27/23 12:32:00 AM,19,15
02/27/23 12:31:00 AM,20,15
02/27/23 12:30:00 AM,18,15
02/27/23 12:29:00 AM,20,15
02/27/23 12:28:00 AM,18,15
02/27/23 12:27:00 AM,20,15
02/27/23 12:26:00 AM,20,15
02/27/23 12:25:00 AM,19,15
02/27/23 12:24:00 AM,20,16
02/27/23 12:23:00 AM,20,16
02/27/23 12:22:00 AM,19,15
02/27/23 12:21:00 AM,20,15
02/27/23 12:20:00 AM,19,15
02/27/23 12:19:00 AM,19,15
02/27/23 12:18:00 AM,19,16
02/27/23 12:17:00 AM,20,15
02/27/23 12:16:00 AM,20,15
02/27/23 12:15:00 AM,20,15
02/27/23 12:14:00 AM,19,15
02/27/23 12:13:00 AM,20,15
02/27/23 12:12:00 AM,20,15
02/27/23 12:11:00 AM,19,15
02/27/23 12:10:00 AM,20,15
02/27/23 12:09:00 AM,19,15
02/27/23 12:08:00 AM,20,15
02/27/23 12:07:00 AM,20,15
02/27/23 12:06:00 AM,20,15
02/27/23 12:05:00 AM,20,15
02/27/23 12:04:00 AM,19,15
02/27/23 12:03:00 AM,19,15
02/27/23 12:02:00 AM,18,15
02/27/23 12:01:00 AM,20,15
02/27/23 12:00:00 AM,20,15
02/26/23 11:59:00 PM,19,15
02/26/23 11:58:00 PM,20,15
02/26/23 11:57:00 PM,20,16
02/26/23 11:56:00 PM,20,15
02/26/23 11:55:00 PM,20,16
02/26/23 11:54:00 PM,20,15
02/26/23 11:53:00 PM,21,16
02/26/23 11:52:00 PM,21,16
02/26/23 11:51:00 PM,20,15
02/26/23 11:50:00 PM,20,15
02/26/23 11:49:00 PM,21,15
02/26/23 11:48:00 PM,20,15
02/26/23 11:47:00 PM,20,15
02/26/23 11:46:00 PM,20,15
02/26/23 11:45:00 PM,20,15
02/26/23 11:44:00 PM,20,15
02/26/23 11:43:00 PM,21,16
02/26/23 11:42:00 PM,20,15
02/26/23 11:41:00 PM,21,16
02/26/23 11:40:00 PM,20,16
02/26/23 11:39:00 PM,21,16
02/26/23 11:38:00 PM,20,15
02/26/23 11:37:00 PM,20,15
02/26/23 11:36:00 PM,21,15
02/26/23 11:35:00 PM,21,16
02/26/23 11:34:00 PM,20,16
02/26/23 11:33:00 PM,20,15
02/26/23 11:32:00 PM,20,15
02/26/23 11:31:00 PM,21,15
02/26/23 11:30:00 PM,20,15
02/26/23 11:29:00 PM,20,15
02/26/23 11:28:00 PM,19,15
02/26/23 11:27:00 PM,20,15
02/26/23 11:26:00 PM,21,15
02/26/23 11:25:00 PM,20,15
02/26/23 11:24:00 PM,20,15
02/26/23 11:23:00 PM,21,15
02/26/23 11:22:00 PM,21,15
02/26/23 11:21:00 PM,21,15
02/26/23 11:20:00 PM,20,15
02/26/23 11:19:00 PM,20,15
02/26/23 11:18:00 PM,20,15
02/26/23 11:17:00 PM,20,15
02/26/23 11:16:00 PM,20,15
02/26/23 11:15:00 PM,20,15
02/26/23 11:14:00 PM,19,15
02/26/23 11:13:00 PM,20,15
02/26/23 11:12:00 PM,20,15
02/26/23 11:11:00 PM,19,15
02/26/23 11:10:00 PM,20,15
02/26/23 11:09:00 PM,20,15
02/26/23 11:08:00 PM,21,15
02/26/23 11:07:00 PM,21,15
02/26/23 11:06:00 PM,20,15
02/26/23 11:05:00 PM,20,15
02/26/23 11:04:00 PM,20,15
02/26/23 11:03:00 PM,20,15
02/26/23 11:02:00 PM,20,15
02/26/23 11:01:00 PM,20,15
02/26/23 11:00:00 PM,20,15
02/26/23 10:59:00 PM,19,15
02/26/23 10:58:00 PM,19,15
02/26/23 10:57:00 PM,19,15
02/26/23 10:56:00 PM,19,15
02/26/23 10:55:00 PM,21,15
02/26/23 10:54:00 PM,20,15
02/26/23 10:53:00 PM,20,15
02/26/23 10:52:00 PM,19,15
02/26/23 10:51:00 PM,20,15
02/26/23 10:50:00 PM,20,15
02/26/23 10:49:00 PM,20,15
02/26/23 10:48:00 PM,21,15
02/26/23 10:47:00 PM,22,15
02/26/23 10:46:00 PM,19,15
02/26/23 10:45:00 PM,21,15
02/26/23 10:44:00 PM,20,15
02/26/23 10:43:00 PM,20,15
02/26/23 10:42:00 PM,19,15
02/26/23 10:41:00 PM,21,15
02/26/23 10:40:00 PM,20,15
02/26/23 10:39:00 PM,21,15
02/26/23 10:38:00 PM,20,15
02/26/23 10:37:00 PM,20,15
02/26/23 10:36:00 PM,21,15
02/26/23 10:35:00 PM,20,15
02/26/23 10:34:00 PM,20,15
02/26/23 10:33:00 PM,21,15
02/26/23 10:32:00 PM,20,15
02/26/23 10:31:00 PM,21,15
02/26/23 10:30:00 PM,20,15
02/26/23 10:29:00 PM,19,15
02/26/23 10:28:00 PM,19,15
02/26/23 10:27:00 PM,19,15
02/26/23 10:26:00 PM,20,15
02/26/23 10:25:00 PM,21,15
02/26/23 10:24:00 PM,21,15
02/26/23 10:23:00 PM,20,15
02/26/23 10:22:00 PM,20,15
02/26/23 10:21:00 PM,21,15
02/26/23 10:20:00 PM,20,15
02/26/23 10:19:00 PM,20,15
02/26/23 10:18:00 PM,19,15
02/26/23 10:17:00 PM,19,15
02/26/23 10:16:00 PM,20,15
02/26/23 10:15:00 PM,20,15
02/26/23 10:14:00 PM,20,15
02/26/23 10:13:00 PM,20,15
02/26/23 10:12:00 PM,20,15
02/26/23 10:11:00 PM,20,15
02/26/23 10:10:00 PM,19,15
02/26/23 10:09:00 PM,20,15
02/26/23 10:08:00 PM,20,15
02/26/23 10:07:00 PM,20,15
02/26/23 10:06:00 PM,20,15
02/26/23 10:05:00 PM,20,15
02/26/23 10:04:00 PM,20,15
02/26/23 10:03:00 PM,20,15
02/26/23 10:02:00 PM,20,15
02/26/23 10:01:00 PM,20,15
02/26/23 10:00:00 PM,20,15
02/26/23 09:59:00 PM,20,15
02/26/23 09:58:00 PM,19,15
02/26/23 09:57:00 PM,21,15
02/26/23 09:56:00 PM,21,15
02/26/23 09:55:00 PM,19,15
02/26/23 09:54:00 PM,20,15
02/26/23 09:53:00 PM,20,14
02/26/23 09:52:00 PM,20,15
02/26/23 09:51:00 PM,19,15
02/26/23 09:50:00 PM,21,15
02/26/23 09:49:00 PM,20,15
02/26/23 09:48:00 PM,20,15
02/26/23 09:47:00 PM,20,15
02/26/23 09:46:00 PM,20,15
02/26/23 09:45:00 PM,20,15
02/26/23 09:44:00 PM,21,15
02/26/23 09:43:00 PM,20,15
02/26/23 09:42:00 PM,22,15
02/26/23 09:41:00 PM,21,15
02/26/23 09:40:00 PM,21,15
02/26/23 09:39:00 PM,20,15
02/26/23 09:38:00 PM,21,15
02/26/23 09:37:00 PM,19,15
02/26/23 09:36:00 PM,20,15
02/26/23 09:35:00 PM,20,15
02/26/23 09:34:00 PM,21,15
02/26/23 09:33:00 PM,20,15
02/26/23 09:32:00 PM,21,15
02/26/23 09:31:00 PM,20,15
02/26/23 09:30:00 PM,21,15
02/26/23 09:29:00 PM,19,14
02/26/23 09:28:00 PM,20,15
02/26/23 09:27:00 PM,20,15
02/26/23 09:26:00 PM,20,15
02/26/23 09:25:00 PM,21,15
02/26/23 09:24:00 PM,22,15
02/26/23 09:23:00 PM,21,15
02/26/23 09:22:00 PM,20,15
02/26/23 09:21:00 PM,21,15
02/26/23 09:20:00 PM,20,15
02/26/23 09:19:00 PM,20,15
02/26/23 09:18:00 PM,20,15
02/26/23 09:17:00 PM,22,15
02/26/23 09:16:00 PM,19,15
02/26/23 09:15:00 PM,20,15
02/26/23 09:14:00 PM,20,15
02/26/23 09:13:00 PM,21,15
02/26/23 09:12:00 PM,20,15
02/26/23 09:11:00 PM,22,16
02/26/23 09:10:00 PM,22,15
02/26/23 09:09:00 PM,21,15
02/26/23 09:08:00 PM,21,15
02/26/23 09:07:00 PM,21,15
02/26/23 09:06:00 PM,20,15
02/26/23 09:05:00 PM,21,15
02/26/23 09:04:00 PM,21,15
02/26/23 09:03:00 PM,20,15
02/26/23 09:02:00 PM,21,15
02/26/23 09:01:00 PM,23,15
02/26/23 09:00:00 PM,21,15
02/26/23 08:59:00 PM,20,15
02/26/23 08:58:00 PM,20,15
02/26/23 08:57:00 PM,21,15
02/26/23 08:56:00 PM,21,16
02/26/23 08:55:00 PM,21,15
02/26/23 08:54:00 PM,20,15
02/26/23 08:53:00 PM,21,15
02/26/23 08:52:00 PM,20,15
02/26/23 08:51:00 PM,20,15
02/26/23 08:50:00 PM,22,15
02/26/23 08:49:00 PM,21,15
02/26/23 08:48:00 PM,20,15
02/26/23 08:47:00 PM,20,15
02/26/23 08:46:00 PM,21,15
02/26/23 08:45:00 PM,21,15
02/26/23 08:44:00 PM,21,15
02/26/23 08:43:00 PM,20,15
02/26/23 08:42:00 PM,20,15
02/26/23 08:41:00 PM,20,15
02/26/23 08:40:00 PM,21,15
02/26/23 08:39:00 PM,21,15
02/26/23 08:38:00 PM,21,15
02/26/23 08:37:00 PM,21,15
02/26/23 08:36:00 PM,20,15
02/26/23 08:35:00 PM,20,15
02/26/23 08:34:00 PM,20,15
02/26/23 08:33:00 PM,20,15
02/26/23 08:32:00 PM,20,15
02/26/23 08:31:00 PM,21,15
02/26/23 08:30:00 PM,20,15
02/26/23 08:29:00 PM,20,15
02/26/23 08:28:00 PM,20,15
02/26/23 08:27:00 PM,21,15
02/26/23 08:26:00 PM,20,15
02/26/23 08:25:00 PM,20,15
02/26/23 08:24:00 PM,21,15
02/26/23 08:23:00 PM,21,15
02/26/23 08:22:00 PM,22,15
02/26/23 08:21:00 PM,20,15
02/26/23 08:20:00 PM,21,15
02/26/23 08:19:00 PM,22,15
02/26/23 08:18:00 PM,20,15
02/26/23 08:17:00 PM,21,15
02/26/23 08:16:00 PM,21,15
02/26/23 08:15:00 PM,20,15
02/26/23 08:14:00 PM,22,15
02/26/23 08:13:00 PM,21,15
02/26/23 08:12:00 PM,21,15
02/26/23 08:11:00 PM,22,15
02/26/23 08:10:00 PM,20,15
02/26/23 08:09:00 PM,21,15
02/26/23 08:08:00 PM,21,15
02/26/23 08:07:00 PM,21,15
02/26/23 08:06:00 PM,21,15
02/26/23 08:05:00 PM,21,15
02/26/23 08:04:00 PM,21,14
02/26/23 08:03:00 PM,20,15
02/26/23 08:02:00 PM,21,15
02/26/23 08:01:00 PM,21,15
02/26/23 08:00:00 PM,20,15
02/26/23 07:59:00 PM,21,15
02/26/23 07:58:00 PM,21,15
02/26/23 07:57:00 PM,21,15
02/26/23 07:56:00 PM,20,14
02/26/23 07:55:00 PM,21,15
02/26/23 07:54:00 PM,22,15
02/26/23 07:53:00 PM,23,15
02/26/23 07:52:00 PM,22,15
02/26/23 07:51:00 PM,21,14
02/26/23 07:50:00 PM,20,14
02/26/23 07:49:00 PM,21,15
02/26/23 07:48:00 PM,22,15
02/26/23 07:47:00 PM,22,15
02/26/23 07:46:00 PM,23,15
02/26/23 07:45:00 PM,22,15
02/26/23 07:44:00 PM,22,15
02/26/23 07:43:00 PM,22,15
02/26/23 07:42:00 PM,21,15
02/26/23 07:41:00 PM,21,15
02/26/23 07:40:00 PM,21,15
02/26/23 07:39:00 PM,23,15
02/26/23 07:38:00 PM,23,15
02/26/23 07:37:00 PM,23,15
02/26/23 07:36:00 PM,22,15
02/26/23 07:35:00 PM,22,15
02/26/23 07:34:00 PM,22,15
02/26/23 07:33:00 PM,22,15
02/26/23 07:32:00 PM,22,15
02/26/23 07:31:00 PM,23,15
02/26/23 07:30:00 PM,22,15
02/26/23 07:29:00 PM,22,15
02/26/23 07:28:00 PM,22,15
02/26/23 07:27:00 PM,23,15
02/26/23 07:26:00 PM,21,15
02/26/23 07:25:00 PM,24,16
02/26/23 07:24:00 PM,22,15
02/26/23 07:23:00 PM,23,15
02/26/23 07:22:00 PM,22,15
02/26/23 07:21:00 PM,24,16
02/26/23 07:20:00 PM,23,15
02/26/23 07:19:00 PM,22,16
02/26/23 07:18:00 PM,21,15
02/26/23 07:17:00 PM,22,15
02/26/23 07:16:00 PM,23,15
02/26/23 07:15:00 PM,24,16
02/26/23 07:14:00 PM,22,16
02/26/23 07:13:00 PM,22,15
02/26/23 07:12:00 PM,22,15
02/26/23 07:11:00 PM,23,16
02/26/23 07:10:00 PM,24,16
02/26/23 07:09:00 PM,22,16
02/26/23 07:08:00 PM,23,16
02/26/23 07:07:00 PM,24,16
02/26/23 07:06:00 PM,23,16
02/26/23 07:05:00 PM,23,15
02/26/23 07:04:00 PM,24,16
02/26/23 07:03:00 PM,23,15
02/26/23 07:02:00 PM,22,16
02/26/23 07:01:00 PM,23,16
02/26/23 07:00:00 PM,24,16
02/26/23 06:59:00 PM,22,16
02/26/23 06:58:00 PM,25,16
02/26/23 06:57:00 PM,23,16
02/26/23 06:56:00 PM,23,16
02/26/23 06:55:00 PM,22,16
02/26/23 06:54:00 PM,23,16
02/26/23 06:53:00 PM,25,16
02/26/23 06:52:00 PM,23,16
02/26/23 06:51:00 PM,23,16
02/26/23 06:50:00 PM,23,16
02/26/23 06:49:00 PM,22,16
02/26/23 06:48:00 PM,23,16
02/26/23 06:47:00 PM,23,16
02/26/23 06:46:00 PM,25,16
02/26/23 06:45:00 PM,24,16
02/26/23 06:44:00 PM,23,16
02/26/23 06:43:00 PM,23,16
02/26/23 06:42:00 PM,24,17
02/26/23 06:41:00 PM,24,16
02/26/23 06:40:00 PM,24,16
02/26/23 06:39:00 PM,24,16
02/26/23 06:38:00 PM,23,16
02/26/23 06:37:00 PM,25,16
02/26/23 06:36:00 PM,24,16
02/26/23 06:35:00 PM,24,17
02/26/23 06:34:00 PM,25,16
02/26/23 06:33:00 PM,24,17
02/26/23 06:32:00 PM,24,16
02/26/23 06:31:00 PM,26,16
02/26/23 06:30:00 PM,25,17
02/26/23 06:29:00 PM,24,17
02/26/23 06:28:00 PM,24,16
02/26/23 06:27:00 PM,24,16
02/26/23 06:26:00 PM,24,17
02/26/23 06:25:00 PM,24,16
02/26/23 06:24:00 PM,24,17
02/26/23 06:23:00 PM,25,17
02/26/23 06:22:00 PM,25,17
02/26/23 06:21:00 PM,24,17
02/26/23 06:20:00 PM,24,17
02/26/23 06:19:00 PM,25,17
02/26/23 06:18:00 PM,25,17
02/26/23 06:17:00 PM,25,17
02/26/23 06:16:00 PM,26,17
02/26/23 06:15:00 PM,25,17
02/26/23 06:14:00 PM,24,17
02/26/23 06:13:00 PM,25,17
02/26/23 06:12:00 PM,26,17
02/26/23 06:11:00 PM,23,17
02/26/23 06:10:00 PM,26,18
02/26/23 06:09:00 PM,27,17
02/26/23 06:08:00 PM,25,17
02/26/23 06:07:00 PM,27,18
02/26/23 06:06:00 PM,24,17
02/26/23 06:05:00 PM,25,17
02/26/23 06:04:00 PM,25,17
02/26/23 06:03:00 PM,25,17
02/26/23 06:02:00 PM,24,17
02/26/23 06:01:00 PM,25,17
02/26/23 06:00:00 PM,26,18
02/26/23 05:59:00 PM,26,18
02/26/23 05:58:00 PM,25,17
02/26/23 05:57:00 PM,26,18
02/26/23 05:56:00 PM,26,18
02/26/23 05:55:00 PM,27,18
02/26/23 05:54:00 PM,26,18
02/26/23 05:53:00 PM,27,18
02/26/23 05:52:00 PM,27,18
02/26/23 05:51:00 PM,27,18
02/26/23 05:50:00 PM,27,18
02/26/23 05:49:00 PM,26,18
02/26/23 05:48:00 PM,26,18
02/26/23 05:47:00 PM,27,18
02/26/23 05:46:00 PM,29,19
02/26/23 05:45:00 PM,28,19
02/26/23 05:44:00 PM,27,19
02/26/23 05:43:00 PM,28,18
02/26/23 05:42:00 PM,28,19
02/26/23 05:41:00 PM,28,18
02/26/23 05:40:00 PM,29,19
02/26/23 05:39:00 PM,28,19
02/26/23 05:38:00 PM,26,18
02/26/23 05:37:00 PM,28,18
02/26/23 05:36:00 PM,30,19
02/26/23 05:35:00 PM,28,19
02/26/23 05:34:00 PM,29,19
02/26/23 05:33:00 PM,29,19
02/26/23 05:32:00 PM,28,18
02/26/23 05:31:00 PM,30,19
02/26/23 05:30:00 PM,28,19
02/26/23 05:29:00 PM,30,19
02/26/23 05:28:00 PM,28,18
02/26/23 05:27:00 PM,28,16
02/26/23 05:26:00 PM,27,16
02/26/23 05:25:00 PM,27,17
02/26/23 05:24:00 PM,23,15
02/26/23 05:23:00 PM,22,15
02/26/23 05:22:00 PM,24,15
02/26/23 05:21:00 PM,23,15
02/26/23 05:20:00 PM,25,15
02/26/23 05:19:00 PM,23,15
02/26/23 05:18:00 PM,23,15
02/26/23 05:17:00 PM,23,14
02/26/23 05:16:00 PM,23,14
02/26/23 05:15:00 PM,24,14
02/26/23 05:14:00 PM,25,14
02/26/23 05:13:00 PM,24,14
02/26/23 05:12:00 PM,23,14
02/26/23 05:11:00 PM,24,15
02/26/23 05:10:00 PM,26,15
02/26/23 05:09:00 PM,25,15
02/26/23 05:08:00 PM,24,15
02/26/23 05:07:00 PM,24,14
02/26/23 05:06:00 PM,24,14
02/26/23 05:05:00 PM,23,14
02/26/23 05:04:00 PM,24,15
02/26/23 05:03:00 PM,25,14
02/26/23 05:02:00 PM,23,14
02/26/23 05:01:00 PM,24,14
02/26/23 05:00:00 PM,26,14
02/26/23 04:59:00 PM,25,14
02/26/23 04:58:00 PM,24,14
02/26/23 04:57:00 PM,25,14
02/26/23 04:56:00 PM,23,15
02/26/23 04:55:00 PM,24,14
02/26/23 04:54:00 PM,25,14
02/26/23 04:53:00 PM,22,13
02/26/23 04:52:00 PM,23,13
02/26/23 04:51:00 PM,24,14
02/26/23 04:50:00 PM,25,14
02/26/23 04:49:00 PM,25,13
02/26/23 04:48:00 PM,25,13
02/26/23 04:47:00 PM,24,13
02/26/23 04:46:00 PM,24,13
02/26/23 04:45:00 PM,25,13
02/26/23 04:44:00 PM,25,13
02/26/23 04:43:00 PM,27,13
02/26/23 04:42:00 PM,26,14
02/26/23 04:41:00 PM,26,14
02/26/23 04:40:00 PM,24,13
02/26/23 04:39:00 PM,24,13
02/26/23 04:38:00 PM,37,20
02/26/23 04:37:00 PM,24,12
02/26/23 04:36:00 PM,21,12
02/26/23 04:35:00 PM,22,13
02/26/23 04:34:00 PM,23,12
02/26/23 04:33:00 PM,24,13
02/26/23 04:32:00 PM,23,12
02/26/23 04:31:00 PM,23,13
02/26/23 04:30:00 PM,23,13
02/26/23 04:29:00 PM,22,12
02/26/23 04:28:00 PM,21,12
02/26/23 04:27:00 PM,20,12
02/26/23 04:26:00 PM,21,12
02/26/23 04:25:00 PM,20,12
02/26/23 04:24:00 PM,21,12
02/26/23 04:23:00 PM,22,12
02/26/23 04:22:00 PM,20,12
02/26/23 04:21:00 PM,21,12
02/26/23 04:20:00 PM,19,12
02/26/23 04:19:00 PM,21,12
02/26/23 04:18:00 PM,22,12
02/26/23 04:17:00 PM,20,12
02/26/23 04:16:00 PM,21,12
02/26/23 04:15:00 PM,21,12
02/26/23 04:14:00 PM,21,12
02/26/23 04:13:00 PM,19,12
02/26/23 04:12:00 PM,20,12
02/26/23 04:11:00 PM,19,12
02/26/23 04:10:00 PM,20,12
02/26/23 04:09:00 PM,20,12
02/26/23 04:08:00 PM,21,11
02/26/23 04:07:00 PM,21,12
02/26/23 04:06:00 PM,21,12
02/26/23 04:05:00 PM,20,12
02/26/23 04:04:00 PM,21,12
02/26/23 04:03:00 PM,20,12
02/26/23 04:02:00 PM,21,12
02/26/23 04:01:00 PM,18,12
02/26/23 04:00:00 PM,20,12
02/26/23 03:59:00 PM,21,12
02/26/23 03:58:00 PM,20,12
02/26/23 03:57:00 PM,20,12
02/26/23 03:56:00 PM,20,12
02/26/23 03:55:00 PM,23,12
02/26/23 03:54:00 PM,21,12
02/26/23 03:53:00 PM,19,12
02/26/23 03:52:00 PM,21,12
02/26/23 03:51:00 PM,21,12
02/26/23 03:50:00 PM,22,12
02/26/23 03:49:00 PM,20,12
02/26/23 03:48:00 PM,22,12
02/26/23 03:47:00 PM,20,12
02/26/23 03:46:00 PM,22,12
02/26/23 03:45:00 PM,19,12
02/26/23 03:44:00 PM,20,12
02/26/23 03:43:00 PM,19,12
02/26/23 03:42:00 PM,19,12
02/26/23 03:41:00 PM,19,12
02/26/23 03:40:00 PM,20,12
02/26/23 03:39:00 PM,21,12
02/26/23 03:38:00 PM,18,12
02/26/23 03:37:00 PM,19,12
02/26/23 03:36:00 PM,20,12
02/26/23 03:35:00 PM,19,12
02/26/23 03:34:00 PM,20,12
02/26/23 03:33:00 PM,19,12
02/26/23 03:32:00 PM,20,12
02/26/23 03:31:00 PM,19,12
02/26/23 03:30:00 PM,19,12
02/26/23 03:29:00 PM,18,12
02/26/23 03:28:00 PM,17,12
02/26/23 03:27:00 PM,18,12
02/26/23 03:26:00 PM,17,12
02/26/23 03:25:00 PM,18,12
02/26/23 03:24:00 PM,18,12
02/26/23 03:23:00 PM,17,12
02/26/23 03:22:00 PM,17,12
02/26/23 03:21:00 PM,17,12
02/26/23 03:20:00 PM,17,11
02/26/23 03:19:00 PM,18,12
02/26/23 03:18:00 PM,18,12
02/26/23 03:17:00 PM,19,12
02/26/23 03:16:00 PM,17,11
02/26/23 03:15:00 PM,17,11
02/26/23 03:14:00 PM,18,12
02/26/23 03:13:00 PM,17,12
02/26/23 03:12:00 PM,17,11
02/26/23 03:11:00 PM,18,12
02/26/23 03:10:00 PM,18,12
02/26/23 03:09:00 PM,17,12
02/26/23 03:08:00 PM,17,12
02/26/23 03:07:00 PM,18,12
02/26/23 03:06:00 PM,18,12
02/26/23 03:05:00 PM,17,12
02/26/23 03:04:00 PM,18,12
02/26/23 03:03:00 PM,17,12
02/26/23 03:02:00 PM,17,12
02/26/23 03:01:00 PM,17,12
02/26/23 03:00:00 PM,17,12
02/26/23 02:59:00 PM,18,12
02/26/23 02:58:00 PM,17,12
02/26/23 02:57:00 PM,18,12
02/26/23 02:56:00 PM,18,12
02/26/23 02:55:00 PM,17,12
02/26/23 02:54:00 PM,18,12
02/26/23 02:53:00 PM,18,12
02/26/23 02:52:00 PM,18,12
02/26/23 02:51:00 PM,17,12
02/26/23 02:50:00 PM,18,12
02/26/23 02:49:00 PM,17,12
02/26/23 02:48:00 PM,17,12
02/26/23 02:47:00 PM,17,12
02/26/23 02:46:00 PM,17,12
02/26/23 02:45:00 PM,18,12
02/26/23 02:44:00 PM,18,12
02/26/23 02:43:00 PM,18,12
02/26/23 02:42:00 PM,18,12
02/26/23 02:41:00 PM,19,12
02/26/23 02:40:00 PM,18,12
02/26/23 02:39:00 PM,18,12
02/26/23 02:38:00 PM,18,12
02/26/23 02:37:00 PM,17,12
02/26/23 02:36:00 PM,17,12
02/26/23 02:35:00 PM,18,12
02/26/23 02:34:00 PM,19,13
02/26/23 02:33:00 PM,17,12
02/26/23 02:32:00 PM,18,12
02/26/23 02:31:00 PM,18,12
02/26/23 02:30:00 PM,19,12
02/26/23 02:29:00 PM,19,12
02/26/23 02:28:00 PM,19,12
02/26/23 02:27:00 PM,19,12
02/26/23 02:26:00 PM,18,12
02/26/23 02:25:00 PM,18,12
02/26/23 02:24:00 PM,19,12
02/26/23 02:23:00 PM,19,12
02/26/23 02:22:00 PM,18,12
02/26/23 02:21:00 PM,18,13
02/26/23 02:20:00 PM,19,13
02/26/23 02:19:00 PM,19,13
02/26/23 02:18:00 PM,19,12
02/26/23 02:17:00 PM,19,13
02/26/23 02:16:00 PM,20,13
02/26/23 02:15:00 PM,19,12
02/26/23 02:14:00 PM,20,13
02/26/23 02:13:00 PM,21,13
02/26/23 02:12:00 PM,19,13
02/26/23 02:11:00 PM,20,12
02/26/23 02:10:00 PM,20,13
02/26/23 02:09:00 PM,19,12
02/26/23 02:08:00 PM,19,13
02/26/23 02:07:00 PM,19,13
02/26/23 02:06:00 PM,19,13
02/26/23 02:05:00 PM,20,13
02/26/23 02:04:00 PM,21,13
02/26/23 02:03:00 PM,20,13
02/26/23 02:02:00 PM,20,13
02/26/23 02:01:00 PM,21,13
02/26/23 02:00:00 PM,20,13
02/26/23 01:59:00 PM,19,13
02/26/23 01:58:00 PM,20,13
02/26/23 01:57:00 PM,19,13
02/26/23 01:56:00 PM,19,13
02/26/23 01:55:00 PM,19,13
02/26/23 01:54:00 PM,18,13
02/26/23 01:53:00 PM,20,13
02/26/23 01:52:00 PM,20,13
02/26/23 01:51:00 PM,21,13
02/26/23 01:50:00 PM,19,13
02/26/23 01:49:00 PM,19,13
02/26/23 01:48:00 PM,20,13
02/26/23 01:47:00 PM,20,13
02/26/23 01:46:00 PM,21,13
02/26/23 01:45:00 PM,21,14
02/26/23 01:44:00 PM,19,13
02/26/23 01:43:00 PM,22,13
02/26/23 01:42:00 PM,21,14
02/26/23 01:41:00 PM,20,13
02/26/23 01:40:00 PM,21,14
02/26/23 01:39:00 PM,21,14
02/26/23 01:38:00 PM,22,13
02/26/23 01:37:00 PM,21,13
02/26/23 01:36:00 PM,22,14
02/26/23 01:35:00 PM,20,13
02/26/23 01:34:00 PM,21,14
02/26/23 01:33:00 PM,21,14
02/26/23 01:32:00 PM,21,14
02/26/23 01:31:00 PM,22,14
02/26/23 01:30:00 PM,22,14
02/26/23 01:29:00 PM,22,14
02/26/23 01:28:00 PM,20,14
02/26/23 01:27:00 PM,22,14
02/26/23 01:26:00 PM,21,14
02/26/23 01:25:00 PM,23,14
02/26/23 01:24:00 PM,22,14
02/26/23 01:23:00 PM,22,14
02/26/23 01:22:00 PM,21,14
02/26/23 01:21:00 PM,21,14
02/26/23 01:20:00 PM,23,14
02/26/23 01:19:00 PM,23,14
02/26/23 01:18:00 PM,23,14
02/26/23 01:17:00 PM,22,14
02/26/23 01:16:00 PM,22,14
02/26/23 01:15:00 PM,22,14
02/26/23 01:14:00 PM,22,14
02/26/23 01:13:00 PM,22,14
02/26/23 01:12:00 PM,23,14
02/26/23 01:11:00 PM,23,14
02/26/23 01:10:00 PM,22,14
02/26/23 01:09:00 PM,22,14
02/26/23 01:08:00 PM,22,14
02/26/23 01:07:00 PM,23,14
02/26/23 01:06:00 PM,24,15
02/26/23 01:05:00 PM,21,14
02/26/23 01:04:00 PM,22,15
02/26/23 01:03:00 PM,23,14
02/26/23 01:02:00 PM,23,14
02/26/23 01:01:00 PM,23,14
02/26/23 01:00:00 PM,25,15
02/26/23 12:59:00 PM,23,15
02/26/23 12:58:00 PM,24,15
02/26/23 12:57:00 PM,24,14
02/26/23 12:56:00 PM,25,15
02/26/23 12:55:00 PM,24,15
02/26/23 12:54:00 PM,24,15
02/26/23 12:53:00 PM,23,15
02/26/23 12:52:00 PM,23,14
02/26/23 12:51:00 PM,23,15
02/26/23 12:50:00 PM,24,15
02/26/23 12:49:00 PM,23,15
02/26/23 12:48:00 PM,24,15
02/26/23 12:47:00 PM,24,15
02/26/23 12:46:00 PM,24,15
02/26/23 12:45:00 PM,23,15
02/26/23 12:44:00 PM,24,15
02/26/23 12:43:00 PM,23,14
02/26/23 12:42:00 PM,25,15
02/26/23 12:41:00 PM,24,15
02/26/23 12:40:00 PM,27,15
02/26/23 12:39:00 PM,24,15
02/26/23 12:38:00 PM,24,15
02/26/23 12:37:00 PM,25,15
02/26/23 12:36:00 PM,24,15
02/26/23 12:35:00 PM,24,15
02/26/23 12:34:00 PM,26,15
02/26/23 12:33:00 PM,26,15
02/26/23 12:32:00 PM,25,15
02/26/23 12:31:00 PM,26,15
02/26/23 12:30:00 PM,25,14
02/26/23 12:29:00 PM,25,15
02/26/23 12:28:00 PM,23,15
02/26/23 12:27:00 PM,24,15
02/26/23 12:26:00 PM,23,15
02/26/23 12:25:00 PM,24,15
02/26/23 12:24:00 PM,24,15
02/26/23 12:23:00 PM,25,15
02/26/23 12:22:00 PM,24,15
02/26/23 12:21:00 PM,25,15
02/26/23 12:20:00 PM,24,15
02/26/23 12:19:00 PM,25,15
02/26/23 12:18:00 PM,24,15
02/26/23 12:17:00 PM,24,15
02/26/23 12:16:00 PM,24,15
02/26/23 12:15:00 PM,24,15
02/26/23 12:14:00 PM,24,15
02/26/23 12:13:00 PM,24,15
02/26/23 12:12:00 PM,26,15
02/26/23 12:11:00 PM,24,15
02/26/23 12:10:00 PM,24,15
02/26/23 12:09:00 PM,24,15
02/26/23 12:08:00 PM,21,15
02/26/23 12:07:00 PM,21,15
02/26/23 12:06:00 PM,21,15
02/26/23 12:05:00 PM,21,15
02/26/23 12:04:00 PM,21,15
02/26/23 12:03:00 PM,23,15
02/26/23 12:02:00 PM,21,15
02/26/23 12:01:00 PM,21,15
02/26/23 12:00:00 PM,21,15
02/26/23 11:59:00 AM,22,15
02/26/23 11:58:00 AM,22,15
02/26/23 11:57:00 AM,21,15
02/26/23 11:56:00 AM,21,15
02/26/23 11:55:00 AM,21,15
02/26/23 11:54:00 AM,21,15
02/26/23 11:53:00 AM,21,15
02/26/23 11:52:00 AM,21,15
02/26/23 11:51:00 AM,21,15
02/26/23 11:50:00 AM,21,15
02/26/23 11:49:00 AM,21,15
02/26/23 11:48:00 AM,20,15
02/26/23 11:47:00 AM,21,15
02/26/23 11:46:00 AM,22,15
02/26/23 11:45:00 AM,22,15
02/26/23 11:44:00 AM,20,15
02/26/23 11:43:00 AM,20,14
02/26/23 11:42:00 AM,21,14
02/26/23 11:41:00 AM,20,14
02/26/23 11:40:00 AM,21,15
02/26/23 11:39:00 AM,21,15
02/26/23 11:38:00 AM,20,15
02/26/23 11:37:00 AM,22,15
02/26/23 11:36:00 AM,22,15
02/26/23 11:35:00 AM,21,15
02/26/23 11:34:00 AM,21,15
02/26/23 11:33:00 AM,21,15
02/26/23 11:32:00 AM,21,15
02/26/23 11:31:00 AM,21,15
02/26/23 11:30:00 AM,20,15
02/26/23 11:29:00 AM,20,14
02/26/23 11:28:00 AM,20,14
02/26/23 11:27:00 AM,20,15
02/26/23 11:26:00 AM,20,15
02/26/23 11:25:00 AM,22,15
02/26/23 11:24:00 AM,21,15
02/26/23 11:23:00 AM,23,15
02/26/23 11:22:00 AM,22,15
02/26/23 11:21:00 AM,21,14
02/26/23 11:20:00 AM,22,15
02/26/23 11:19:00 AM,21,15
02/26/23 11:18:00 AM,20,14
02/26/23 11:17:00 AM,22,15
02/26/23 11:16:00 AM,22,15
02/26/23 11:15:00 AM,21,15
02/26/23 11:14:00 AM,20,15
02/26/23 11:13:00 AM,22,15
02/26/23 11:12:00 AM,21,15
02/26/23 11:11:00 AM,21,15
02/26/23 11:10:00 AM,21,15
02/26/23 11:09:00 AM,21,15
02/26/23 11:08:00 AM,22,15
02/26/23 11:07:00 AM,23,15
02/26/23 11:06:00 AM,22,15
02/26/23 11:05:00 AM,22,15
02/26/23 11:04:00 AM,22,15
02/26/23 11:03:00 AM,22,15
02/26/23 11:02:00 AM,22,15
02/26/23 11:01:00 AM,21,15
02/26/23 11:00:00 AM,22,15
02/26/23 10:59:00 AM,22,15
02/26/23 10:58:00 AM,22,15
02/26/23 10:57:00 AM,22,15
02/26/23 10:56:00 AM,20,15
02/26/23 10:55:00 AM,21,14
02/26/23 10:54:00 AM,22,15
02/26/23 10:53:00 AM,22,15
02/26/23 10:52:00 AM,22,15
02/26/23 10:51:00 AM,22,15
02/26/23 10:50:00 AM,23,15
02/26/23 10:49:00 AM,22,15
02/26/23 10:48:00 AM,22,15
02/26/23 10:47:00 AM,22,15
02/26/23 10:46:00 AM,22,15
02/26/23 10:45:00 AM,23,15
02/26/23 10:44:00 AM,23,15
02/26/23 10:43:00 AM,22,15
02/26/23 10:42:00 AM,22,15
02/26/23 10:41:00 AM,23,16
02/26/23 10:40:00 AM,22,15
02/26/23 10:39:00 AM,22,15
02/26/23 10:38:00 AM,22,15
02/26/23 10:37:00 AM,22,15
02/26/23 10:36:00 AM,23,15
02/26/23 10:35:00 AM,22,15
02/26/23 10:34:00 AM,24,15
02/26/23 10:33:00 AM,22,15
02/26/23 10:32:00 AM,23,15
02/26/23 10:31:00 AM,23,15
02/26/23 10:30:00 AM,24,16
02/26/23 10:29:00 AM,24,15
02/26/23 10:28:00 AM,22,15
02/26/23 10:27:00 AM,23,15
02/26/23 10:26:00 AM,23,16
02/26/23 10:25:00 AM,23,16
02/26/23 10:24:00 AM,24,15
02/26/23 10:23:00 AM,24,16
02/26/23 10:22:00 AM,23,16
02/26/23 10:21:00 AM,24,16
02/26/23 10:20:00 AM,22,15
02/26/23 10:19:00 AM,24,16
02/26/23 10:18:00 AM,24,16
02/26/23 10:17:00 AM,23,15
02/26/23 10:16:00 AM,24,16
02/26/23 10:15:00 AM,24,16
02/26/23 10:14:00 AM,24,16
02/26/23 10:13:00 AM,24,15
02/26/23 10:12:00 AM,23,15
02/26/23 10:11:00 AM,23,16
02/26/23 10:10:00 AM,23,15
02/26/23 10:09:00 AM,23,15
02/26/23 10:08:00 AM,23,16
02/26/23 10:07:00 AM,23,15
02/26/23 10:06:00 AM,24,16
02/26/23 10:05:00 AM,24,16
02/26/23 10:04:00 AM,23,15
02/26/23 10:03:00 AM,24,16
02/26/23 10:02:00 AM,24,15
02/26/23 10:01:00 AM,23,15
02/26/23 10:00:00 AM,23,15
02/26/23 09:59:00 AM,24,15
02/26/23 09:58:00 AM,25,16
02/26/23 09:57:00 AM,26,16
02/26/23 09:56:00 AM,23,15
02/26/23 09:55:00 AM,25,15
02/26/23 09:54:00 AM,26,15
02/26/23 09:53:00 AM,23,15
02/26/23 09:52:00 AM,25,16
02/26/23 09:51:00 AM,24,16
02/26/23 09:50:00 AM,24,16
02/26/23 09:49:00 AM,24,16
02/26/23 09:48:00 AM,25,16
02/26/23 09:47:00 AM,24,15
02/26/23 09:46:00 AM,23,15
02/26/23 09:45:00 AM,25,16
02/26/23 09:44:00 AM,25,16
02/26/23 09:43:00 AM,24,16
02/26/23 09:42:00 AM,24,15
02/26/23 09:41:00 AM,25,16
02/26/23 09:40:00 AM,25,15
02/26/23 09:39:00 AM,26,16
02/26/23 09:38:00 AM,25,16
02/26/23 09:37:00 AM,25,16
02/26/23 09:36:00 AM,26,16
02/26/23 09:35:00 AM,24,15
02/26/23 09:34:00 AM,24,15
02/26/23 09:33:00 AM,24,16
02/26/23 09:32:00 AM,25,16
02/26/23 09:31:00 AM,25,16
02/26/23 09:30:00 AM,24,16
02/26/23 09:29:00 AM,26,16
02/26/23 09:28:00 AM,25,15
02/26/23 09:27:00 AM,27,16
02/26/23 09:26:00 AM,27,16
02/26/23 09:25:00 AM,26,16
02/26/23 09:24:00 AM,24,15
02/26/23 09:23:00 AM,25,16
02/26/23 09:22:00 AM,25,15
02/26/23 09:21:00 AM,25,16
02/26/23 09:20:00 AM,25,16
02/26/23 09:19:00 AM,24,16
02/26/23 09:18:00 AM,25,15
02/26/23 09:17:00 AM,24,15
02/26/23 09:16:00 AM,25,16
02/26/23 09:15:00 AM,24,15
02/26/23 09:14:00 AM,25,16
02/26/23 09:13:00 AM,25,16
02/26/23 09:12:00 AM,26,16
02/26/23 09:11:00 AM,27,16
02/26/23 09:10:00 AM,26,16
02/26/23 09:09:00 AM,25,16
02/26/23 09:08:00 AM,26,16
02/26/23 09:07:00 AM,26,16
02/26/23 09:06:00 AM,26,16
02/26/23 09:05:00 AM,27,16
02/26/23 09:04:00 AM,24,16
02/26/23 09:03:00 AM,26,15
02/26/23 09:02:00 AM,25,15
02/26/23 09:01:00 AM,25,16
02/26/23 09:00:00 AM,25,16
02/26/23 08:59:00 AM,25,16
02/26/23 08:58:00 AM,24,16
02/26/23 08:57:00 AM,26,15
02/26/23 08:56:00 AM,26,16
02/26/23 08:55:00 AM,26,16
02/26/23 08:54:00 AM,25,16
02/26/23 08:53:00 AM,25,16
02/26/23 08:52:00 AM,26,16
02/26/23 08:51:00 AM,26,16
02/26/23 08:50:00 AM,26,16
02/26/23 08:49:00 AM,25,16
02/26/23 08:48:00 AM,25,16
02/26/23 08:47:00 AM,27,16
02/26/23 08:46:00 AM,25,16
02/26/23 08:45:00 AM,25,16
02/26/23 08:44:00 AM,25,16
02/26/23 08:43:00 AM,25,16
02/26/23 08:42:00 AM,27,16
02/26/23 08:41:00 AM,24,16
02/26/23 08:40:00 AM,27,16
02/26/23 08:39:00 AM,26,16
02/26/23 08:38:00 AM,25,15
02/26/23 08:37:00 AM,26,16
02/26/23 08:36:00 AM,26,16
02/26/23 08:35:00 AM,26,16
02/26/23 08:34:00 AM,27,16
02/26/23 08:33:00 AM,26,16
02/26/23 08:32:00 AM,28,16
02/26/23 08:31:00 AM,27,16
02/26/23 08:30:00 AM,28,17
02/26/23 08:29:00 AM,26,16
02/26/23 08:28:00 AM,26,16
02/26/23 08:27:00 AM,27,16
02/26/23 08:26:00 AM,26,16
02/26/23 08:25:00 AM,26,16
02/26/23 08:24:00 AM,26,16
02/26/23 08:23:00 AM,28,16
02/26/23 08:22:00 AM,28,16
02/26/23 08:21:00 AM,26,16
02/26/23 08:20:00 AM,25,15
02/26/23 08:19:00 AM,27,16
02/26/23 08:18:00 AM,26,16
02/26/23 08:17:00 AM,26,16
02/26/23 08:16:00 AM,27,16
02/26/23 08:15:00 AM,26,15
02/26/23 08:14:00 AM,26,16
02/26/23 08:13:00 AM,28,16
02/26/23 08:12:00 AM,24,15
02/26/23 08:11:00 AM,26,16
02/26/23 08:10:00 AM,27,15
02/26/23 08:09:00 AM,28,15
02/26/23 08:08:00 AM,25,15
02/26/23 08:07:00 AM,25,15
02/26/23 08:06:00 AM,25,16
02/26/23 08:05:00 AM,26,15
02/26/23 08:04:00 AM,26,16
02/26/23 08:03:00 AM,25,15
02/26/23 08:02:00 AM,23,15
02/26/23 08:01:00 AM,25,15
02/26/23 08:00:00 AM,27,15
02/26/23 07:59:00 AM,25,16
02/26/23 07:58:00 AM,26,16
02/26/23 07:57:00 AM,26,16
02/26/23 07:56:00 AM,26,15
02/26/23 07:55:00 AM,26,15
02/26/23 07:54:00 AM,25,15
02/26/23 07:53:00 AM,26,16
02/26/23 07:52:00 AM,25,15
02/26/23 07:51:00 AM,26,15
02/26/23 07:50:00 AM,25,15
02/26/23 07:49:00 AM,25,16
02/26/23 07:48:00 AM,26,16
02/26/23 07:47:00 AM,26,16
02/26/23 07:46:00 AM,26,15
02/26/23 07:45:00 AM,25,15
02/26/23 07:44:00 AM,27,16
02/26/23 07:43:00 AM,26,16
02/26/23 07:42:00 AM,26,16
02/26/23 07:41:00 AM,26,16
02/26/23 07:40:00 AM,26,16
02/26/23 07:39:00 AM,26,15
02/26/23 07:38:00 AM,27,16
02/26/23 07:37:00 AM,26,16
02/26/23 07:36:00 AM,27,16
02/26/23 07:35:00 AM,26,16
02/26/23 07:34:00 AM,26,16
02/26/23 07:33:00 AM,26,16
02/26/23 07:32:00 AM,27,16
02/26/23 07:31:00 AM,26,16
02/26/23 07:30:00 AM,26,15
02/26/23 07:29:00 AM,25,16
02/26/23 07:28:00 AM,24,16
02/26/23 07:27:00 AM,25,16
02/26/23 07:26:00 AM,27,16
02/26/23 07:25:00 AM,25,16
02/26/23 07:24:00 AM,27,15
02/26/23 07:23:00 AM,27,16
02/26/23 07:22:00 AM,27,16
02/26/23 07:21:00 AM,27,16
02/26/23 07:20:00 AM,26,16
02/26/23 07:19:00 AM,26,15
02/26/23 07:18:00 AM,26,16
02/26/23 07:17:00 AM,27,16
02/26/23 07:16:00 AM,27,16
02/26/23 07:15:00 AM,26,16
02/26/23 07:14:00 AM,26,16
02/26/23 07:13:00 AM,27,16
02/26/23 07:12:00 AM,28,16
02/26/23 07:11:00 AM,26,16
02/26/23 07:10:00 AM,27,16
02/26/23 07:09:00 AM,27,16
02/26/23 07:08:00 AM,25,16
02/26/23 07:07:00 AM,26,16
02/26/23 07:06:00 AM,26,16
02/26/23 07:05:00 AM,26,16
02/26/23 07:04:00 AM,27,16
02/26/23 07:03:00 AM,26,16
02/26/23 07:02:00 AM,27,16
02/26/23 07:01:00 AM,27,16
02/26/23 07:00:00 AM,27,16
02/26/23 06:59:00 AM,27,16
02/26/23 06:58:00 AM,27,16
02/26/23 06:57:00 AM,26,16
02/26/23 06:56:00 AM,27,16
02/26/23 06:55:00 AM,27,16
02/26/23 06:54:00 AM,27,16
02/26/23 06:53:00 AM,26,16
02/26/23 06:52:00 AM,26,16
02/26/23 06:51:00 AM,27,16
02/26/23 06:50:00 AM,27,16
02/26/23 06:49:00 AM,27,16
02/26/23 06:48:00 AM,25,16
02/26/23 06:47:00 AM,25,15
02/26/23 06:46:00 AM,26,16
02/26/23 06:45:00 AM,26,15
02/26/23 06:44:00 AM,27,16
02/26/23 06:43:00 AM,26,15
02/26/23 06:42:00 AM,26,16
02/26/23 06:41:00 AM,25,16
02/26/23 06:40:00 AM,26,16
02/26/23 06:39:00 AM,27,16
02/26/23 06:38:00 AM,28,16
02/26/23 06:37:00 AM,27,16
02/26/23 06:36:00 AM,27,15
02/26/23 06:35:00 AM,26,16
02/26/23 06:34:00 AM,28,16
02/26/23 06:33:00 AM,26,15
02/26/23 06:32:00 AM,26,16
02/26/23 06:31:00 AM,28,16
02/26/23 06:30:00 AM,27,16
02/26/23 06:29:00 AM,28,16
02/26/23 06:28:00 AM,27,16
02/26/23 06:27:00 AM,26,15
02/26/23 06:26:00 AM,26,15
02/26/23 06:25:00 AM,25,15
02/26/23 06:24:00 AM,26,15
02/26/23 06:23:00 AM,27,16
02/26/23 06:22:00 AM,27,16
02/26/23 06:21:00 AM,26,16
02/26/23 06:20:00 AM,26,15
02/26/23 06:19:00 AM,27,15
02/26/23 06:18:00 AM,27,15
02/26/23 06:17:00 AM,27,15
02/26/23 06:16:00 AM,27,15
02/26/23 06:15:00 AM,26,15
02/26/23 06:14:00 AM,25,15
02/26/23 06:13:00 AM,27,15
02/26/23 06:12:00 AM,26,15
02/26/23 06:11:00 AM,25,15
02/26/23 06:10:00 AM,26,16
02/26/23 06:09:00 AM,25,15
02/26/23 06:08:00 AM,25,15
02/26/23 06:07:00 AM,24,15
02/26/23 06:06:00 AM,25,16
02/26/23 06:05:00 AM,26,16
02/26/23 06:04:00 AM,27,16
02/26/23 06:03:00 AM,25,15
02/26/23 06:02:00 AM,27,16
02/26/23 06:01:00 AM,26,15
02/26/23 06:00:00 AM,25,15
02/26/23 05:59:00 AM,25,15
02/26/23 05:58:00 AM,28,15
02/26/23 05:57:00 AM,28,15
02/26/23 05:56:00 AM,25,15
02/26/23 05:55:00 AM,26,15
02/26/23 05:54:00 AM,27,16
02/26/23 05:53:00 AM,25,15
02/26/23 05:52:00 AM,24,15
02/26/23 05:51:00 AM,25,15
02/26/23 05:50:00 AM,26,16
02/26/23 05:49:00 AM,25,15
02/26/23 05:48:00 AM,25,15
02/26/23 05:47:00 AM,26,15
02/26/23 05:46:00 AM,25,15
02/26/23 05:45:00 AM,25,15
02/26/23 05:44:00 AM,25,15
02/26/23 05:43:00 AM,26,15
02/26/23 05:42:00 AM,27,16
02/26/23 05:41:00 AM,24,15
02/26/23 05:40:00 AM,24,15
02/26/23 05:39:00 AM,26,15
02/26/23 05:38:00 AM,26,15
02/26/23 05:37:00 AM,26,16
02/26/23 05:36:00 AM,26,16
02/26/23 05:35:00 AM,24,15
02/26/23 05:34:00 AM,25,15
02/26/23 05:33:00 AM,25,15
02/26/23 05:32:00 AM,27,16
02/26/23 05:31:00 AM,26,16
02/26/23 05:30:00 AM,27,16
02/26/23 05:29:00 AM,25,15
02/26/23 05:28:00 AM,25,15
02/26/23 05:27:00 AM,26,15
02/26/23 05:26:00 AM,26,15
02/26/23 05:25:00 AM,26,15
02/26/23 05:24:00 AM,26,15
02/26/23 05:23:00 AM,26,16
02/26/23 05:22:00 AM,25,15
02/26/23 05:21:00 AM,26,16
02/26/23 05:20:00 AM,27,16
02/26/23 05:19:00 AM,26,15
02/26/23 05:18:00 AM,25,15
02/26/23 05:17:00 AM,25,15
02/26/23 05:16:00 AM,25,15
02/26/23 05:15:00 AM,25,15
02/26/23 05:14:00 AM,25,15
02/26/23 05:13:00 AM,25,15
02/26/23 05:12:00 AM,25,15
02/26/23 05:11:00 AM,25,15
02/26/23 05:10:00 AM,25,15
02/26/23 05:09:00 AM,25,15
02/26/23 05:08:00 AM,24,15
02/26/23 05:07:00 AM,26,15
02/26/23 05:06:00 AM,24,15
02/26/23 05:05:00 AM,24,15
02/26/23 05:04:00 AM,25,15
02/26/23 05:03:00 AM,24,15
02/26/23 05:02:00 AM,25,15
02/26/23 05:01:00 AM,23,15
02/26/23 05:00:00 AM,24,15
02/26/23 04:59:00 AM,24,15
02/26/23 04:58:00 AM,24,15
02/26/23 04:57:00 AM,24,15
02/26/23 04:56:00 AM,24,15
02/26/23 04:55:00 AM,24,15
02/26/23 04:54:00 AM,23,15
02/26/23 04:53:00 AM,24,15
02/26/23 04:52:00 AM,25,15
02/26/23 04:51:00 AM,26,15
02/26/23 04:50:00 AM,24,15
02/26/23 04:49:00 AM,24,14
02/26/23 04:48:00 AM,23,15
02/26/23 04:47:00 AM,24,15
02/26/23 04:46:00 AM,24,15
02/26/23 04:45:00 AM,24,15
02/26/23 04:44:00 AM,23,15
02/26/23 04:43:00 AM,25,15
02/26/23 04:42:00 AM,23,14
02/26/23 04:41:00 AM,24,14
02/26/23 04:40:00 AM,24,15
02/26/23 04:39:00 AM,23,15
02/26/23 04:38:00 AM,23,15
02/26/23 04:37:00 AM,23,15
02/26/23 04:36:00 AM,23,15
02/26/23 04:35:00 AM,24,15
02/26/23 04:34:00 AM,25,15
02/26/23 04:33:00 AM,24,15
02/26/23 04:32:00 AM,23,14
02/26/23 04:31:00 AM,25,15
02/26/23 04:30:00 AM,22,15
02/26/23 04:29:00 AM,24,15
02/26/23 04:28:00 AM,24,15
02/26/23 04:27:00 AM,23,15
02/26/23 04:26:00 AM,24,15
02/26/23 04:25:00 AM,23,15
02/26/23 04:24:00 AM,24,15
02/26/23 04:23:00 AM,24,15
02/26/23 04:22:00 AM,25,15
02/26/23 04:21:00 AM,23,15
02/26/23 04:20:00 AM,23,15
02/26/23 04:19:00 AM,24,15
02/26/23 04:18:00 AM,25,15
02/26/23 04:17:00 AM,24,15
02/26/23 04:16:00 AM,24,15
02/26/23 04:15:00 AM,23,15
02/26/23 04:14:00 AM,25,15
02/26/23 04:13:00 AM,23,15
02/26/23 04:12:00 AM,24,15
02/26/23 04:11:00 AM,24,15
02/26/23 04:10:00 AM,24,14
02/26/23 04:09:00 AM,24,15
02/26/23 04:08:00 AM,24,15
02/26/23 04:07:00 AM,23,15
02/26/23 04:06:00 AM,23,15
02/26/23 04:05:00 AM,24,15
02/26/23 04:04:00 AM,24,15
02/26/23 04:03:00 AM,23,15
02/26/23 04:02:00 AM,24,14
02/26/23 04:01:00 AM,26,15
02/26/23 04:00:00 AM,24,15
02/26/23 03:59:00 AM,24,14
02/26/23 03:58:00 AM,23,14
02/26/23 03:57:00 AM,23,14
02/26/23 03:56:00 AM,24,15
02/26/23 03:55:00 AM,24,15
02/26/23 03:54:00 AM,24,15
02/26/23 03:53:00 AM,24,15
02/26/23 03:52:00 AM,23,15
02/26/23 03:51:00 AM,25,15
02/26/23 03:50:00 AM,24,15
02/26/23 03:49:00 AM,24,15
02/26/23 03:48:00 AM,24,15
02/26/23 03:47:00 AM,24,15
02/26/23 03:46:00 AM,24,15
02/26/23 03:45:00 AM,24,14
02/26/23 03:44:00 AM,23,15
02/26/23 03:43:00 AM,24,14
02/26/23 03:42:00 AM,26,15
02/26/23 03:41:00 AM,23,15
02/26/23 03:40:00 AM,24,15
02/26/23 03:39:00 AM,25,15
02/26/23 03:38:00 AM,23,14
02/26/23 03:37:00 AM,23,15
02/26/23 03:36:00 AM,24,15
02/26/23 03:35:00 AM,24,15
02/26/23 03:34:00 AM,24,14
02/26/23 03:33:00 AM,24,15
02/26/23 03:32:00 AM,24,15
02/26/23 03:31:00 AM,24,15
02/26/23 03:30:00 AM,24,15
02/26/23 03:29:00 AM,24,15
02/26/23 03:28:00 AM,23,14
02/26/23 03:27:00 AM,23,14
02/26/23 03:26:00 AM,24,14
02/26/23 03:25:00 AM,24,15
02/26/23 03:24:00 AM,24,14
02/26/23 03:23:00 AM,25,15
02/26/23 03:22:00 AM,24,14
02/26/23 03:21:00 AM,24,15
02/26/23 03:20:00 AM,25,15
02/26/23 03:19:00 AM,24,14
02/26/23 03:18:00 AM,24,14
02/26/23 03:17:00 AM,24,14
02/26/23 03:16:00 AM,24,15
02/26/23 03:15:00 AM,24,14
02/26/23 03:14:00 AM,23,15
02/26/23 03:13:00 AM,24,15
02/26/23 03:12:00 AM,23,14
02/26/23 03:11:00 AM,25,15
02/26/23 03:10:00 AM,24,15
02/26/23 03:09:00 AM,24,15
02/26/23 03:08:00 AM,24,15
02/26/23 03:07:00 AM,25,14
02/26/23 03:06:00 AM,25,15
02/26/23 03:05:00 AM,22,14
02/26/23 03:04:00 AM,24,15
02/26/23 03:03:00 AM,23,15
02/26/23 03:02:00 AM,23,15
02/26/23 03:01:00 AM,22,14
02/26/23 03:00:00 AM,25,14
02/26/23 02:59:00 AM,24,14
02/26/23 02:58:00 AM,25,15
02/26/23 02:57:00 AM,25,14
02/26/23 02:56:00 AM,23,14
02/26/23 02:55:00 AM,24,14
02/26/23 02:54:00 AM,24,14
02/26/23 02:53:00 AM,24,14
02/26/23 02:52:00 AM,23,14
02/26/23 02:51:00 AM,21,14
02/26/23 02:50:00 AM,22,14
02/26/23 02:49:00 AM,21,14
02/26/23 02:48:00 AM,24,14
02/26/23 02:47:00 AM,24,14
02/26/23 02:46:00 AM,23,14
02/26/23 02:45:00 AM,23,14
02/26/23 02:44:00 AM,23,14
02/26/23 02:43:00 AM,23,14
02/26/23 02:42:00 AM,21,14
02/26/23 02:41:00 AM,23,14
02/26/23 02:40:00 AM,22,13
02/26/23 02:39:00 AM,22,13
02/26/23 02:38:00 AM,22,13
02/26/23 02:37:00 AM,22,13
02/26/23 02:36:00 AM,23,14
02/26/23 02:35:00 AM,22,13
02/26/23 02:34:00 AM,24,13
02/26/23 02:33:00 AM,23,13
02/26/23 02:32:00 AM,24,13
02/26/23 02:31:00 AM,23,14
02/26/23 02:30:00 AM,23,14
02/26/23 02:29:00 AM,21,13
02/26/23 02:28:00 AM,21,13
02/26/23 02:27:00 AM,22,14
02/26/23 02:26:00 AM,22,14
02/26/23 02:25:00 AM,22,13
02/26/23 02:24:00 AM,21,13
02/26/23 02:23:00 AM,22,13
02/26/23 02:22:00 AM,22,13
02/26/23 02:21:00 AM,22,13
02/26/23 02:20:00 AM,22,13
02/26/23 02:19:00 AM,22,13
02/26/23 02:18:00 AM,23,13
02/26/23 02:17:00 AM,23,13
02/26/23 02:16:00 AM,23,13
02/26/23 02:15:00 AM,21,13
02/26/23 02:14:00 AM,20,13
02/26/23 02:13:00 AM,23,13
02/26/23 02:12:00 AM,21,13
02/26/23 02:11:00 AM,21,13
02/26/23 02:10:00 AM,22,13
02/26/23 02:09:00 AM,22,13
02/26/23 02:08:00 AM,23,13
02/26/23 02:07:00 AM,23,13
02/26/23 02:06:00 AM,21,12
02/26/23 02:05:00 AM,22,12
02/26/23 02:04:00 AM,22,13
02/26/23 02:03:00 AM,20,13
02/26/23 02:02:00 AM,21,12
02/26/23 02:01:00 AM,22,12
02/26/23 02:00:00 AM,21,13
02/26/23 01:59:00 AM,22,13
02/26/23 01:58:00 AM,22,13
02/26/23 01:57:00 AM,21,12
02/26/23 01:56:00 AM,21,12
02/26/23 01:55:00 AM,21,12
02/26/23 01:54:00 AM,21,12
02/26/23 01:53:00 AM,20,12
02/26/23 01:52:00 AM,20,12
02/26/23 01:51:00 AM,20,12
02/26/23 01:50:00 AM,20,12
02/26/23 01:49:00 AM,21,12
02/26/23 01:48:00 AM,21,12
02/26/23 01:47:00 AM,21,12
02/26/23 01:46:00 AM,19,12
02/26/23 01:45:00 AM,19,11
02/26/23 01:44:00 AM,20,12
02/26/23 01:43:00 AM,20,12
02/26/23 01:42:00 AM,20,12
02/26/23 01:41:00 AM,21,12
02/26/23 01:40:00 AM,21,12
02/26/23 01:39:00 AM,21,12
02/26/23 01:38:00 AM,21,12
02/26/23 01:37:00 AM,20,12
02/26/23 01:36:00 AM,19,12
02/26/23 01:35:00 AM,19,12
02/26/23 01:34:00 AM,20,12
02/26/23 01:33:00 AM,20,12
02/26/23 01:32:00 AM,22,12
02/26/23 01:31:00 AM,20,12
02/26/23 01:30:00 AM,20,12
02/26/23 01:29:00 AM,19,12
02/26/23 01:28:00 AM,20,12
02/26/23 01:27:00 AM,20,12
02/26/23 01:26:00 AM,20,12
02/26/23 01:25:00 AM,19,12
02/26/23 01:24:00 AM,19,11
02/26/23 01:23:00 AM,20,11
02/26/23 01:22:00 AM,19,11
02/26/23 01:21:00 AM,20,12
02/26/23 01:20:00 AM,19,11
02/26/23 01:19:00 AM,19,11
02/26/23 01:18:00 AM,18,11
02/26/23 01:17:00 AM,21,12
02/26/23 01:16:00 AM,20,12
02/26/23 01:15:00 AM,19,12
02/26/23 01:14:00 AM,18,11
02/26/23 01:13:00 AM,21,12
02/26/23 01:12:00 AM,20,11
02/26/23 01:11:00 AM,20,12
02/26/23 01:10:00 AM,20,11
02/26/23 01:09:00 AM,19,11
02/26/23 01:08:00 AM,20,11
02/26/23 01:07:00 AM,20,11
02/26/23 01:06:00 AM,18,11
02/26/23 01:05:00 AM,19,11
02/26/23 01:04:00 AM,19,12
02/26/23 01:03:00 AM,20,12
02/26/23 01:02:00 AM,20,11
02/26/23 01:01:00 AM,20,11
02/26/23 01:00:00 AM,20,11
02/25/23 11:59:00 PM,18,10
02/25/23 11:58:00 PM,18,11
02/25/23 11:57:00 PM,17,11
02/25/23 11:56:00 PM,18,11
02/25/23 11:55:00 PM,17,11
02/25/23 11:54:00 PM,18,11
02/25/23 11:53:00 PM,18,11
02/25/23 11:52:00 PM,18,10
02/25/23 11:51:00 PM,18,11
02/25/23 11:50:00 PM,16,10
02/25/23 11:49:00 PM,17,11
02/25/23 11:48:00 PM,18,11
02/25/23 11:47:00 PM,18,11
02/25/23 11:46:00 PM,19,11
02/25/23 11:45:00 PM,18,11
02/25/23 11:44:00 PM,17,11
02/25/23 11:43:00 PM,19,11
02/25/23 11:42:00 PM,19,10
02/25/23 11:41:00 PM,18,10
02/25/23 11:40:00 PM,19,11
02/25/23 11:39:00 PM,18,11
02/25/23 11:38:00 PM,19,11
02/25/23 11:37:00 PM,18,11
02/25/23 11:36:00 PM,18,11
02/25/23 11:35:00 PM,18,10
02/25/23 11:34:00 PM,18,10
02/25/23 11:33:00 PM,18,10
02/25/23 11:32:00 PM,18,10
02/25/23 11:31:00 PM,18,11
02/25/23 11:30:00 PM,18,10
02/25/23 11:29:00 PM,18,10
02/25/23 11:28:00 PM,17,10
02/25/23 11:27:00 PM,17,10
02/25/23 11:26:00 PM,17,10
02/25/23 11:25:00 PM,18,11
02/25/23 11:24:00 PM,16,10
02/25/23 11:23:00 PM,17,10
02/25/23 11:22:00 PM,16,10
02/25/23 11:21:00 PM,17,10
02/25/23 11:20:00 PM,17,11
02/25/23 11:19:00 PM,18,10
02/25/23 11:18:00 PM,17,10
02/25/23 11:17:00 PM,17,10
02/25/23 11:16:00 PM,16,10
02/25/23 11:15:00 PM,16,10
02/25/23 11:14:00 PM,18,10
02/25/23 11:13:00 PM,17,10
02/25/23 11:12:00 PM,17,10
02/25/23 11:11:00 PM,17,10
02/25/23 11:10:00 PM,16,10
02/25/23 11:09:00 PM,18,10
02/25/23 11:08:00 PM,16,10
02/25/23 11:07:00 PM,17,10
02/25/23 11:06:00 PM,17,10
02/25/23 11:05:00 PM,17,10
02/25/23 11:04:00 PM,17,10
02/25/23 11:03:00 PM,17,10
02/25/23 11:02:00 PM,17,10
02/25/23 11:01:00 PM,16,10
02/25/23 11:00:00 PM,17,10
02/25/23 10:59:00 PM,17,10
02/25/23 10:58:00 PM,17,10
02/25/23 10:57:00 PM,18,10
02/25/23 10:56:00 PM,17,10
02/25/23 10:55:00 PM,18,11
02/25/23 10:54:00 PM,17,10
02/25/23 10:53:00 PM,16,10
02/25/23 10:52:00 PM,17,10
02/25/23 10:51:00 PM,17,10
02/25/23 10:50:00 PM,18,10
02/25/23 10:49:00 PM,17,10
02/25/23 10:48:00 PM,16,10
02/25/23 10:47:00 PM,16,10
02/25/23 10:46:00 PM,17,10
02/25/23 10:45:00 PM,17,10
02/25/23 10:44:00 PM,17,10
02/25/23 10:43:00 PM,17,10
02/25/23 10:42:00 PM,18,11
02/25/23 10:41:00 PM,17,10
02/25/23 10:40:00 PM,17,11
02/25/23 10:39:00 PM,16,10
02/25/23 10:38:00 PM,17,10
02/25/23 10:37:00 PM,18,11
02/25/23 10:36:00 PM,17,11
02/25/23 10:35:00 PM,18,11
02/25/23 10:34:00 PM,18,10
02/25/23 10:33:00 PM,17,11
02/25/23 10:32:00 PM,18,11
02/25/23 10:31:00 PM,18,10
02/25/23 10:30:00 PM,17,10
02/25/23 10:29:00 PM,18,11
02/25/23 10:28:00 PM,17,10
02/25/23 10:27:00 PM,18,10
02/25/23 10:26:00 PM,18,10
02/25/23 10:25:00 PM,17,10
02/25/23 10:24:00 PM,17,10
02/25/23 10:23:00 PM,17,10
02/25/23 10:22:00 PM,16,10
02/25/23 10:21:00 PM,17,10
02/25/23 10:20:00 PM,17,10
02/25/23 10:19:00 PM,17,10
02/25/23 10:18:00 PM,17,10
02/25/23 10:17:00 PM,16,10
02/25/23 10:16:00 PM,17,10
02/25/23 10:15:00 PM,17,10
02/25/23 10:14:00 PM,17,10
02/25/23 10:13:00 PM,17,10
02/25/23 10:12:00 PM,17,10
02/25/23 10:11:00 PM,18,10
02/25/23 10:10:00 PM,18,10
02/25/23 10:09:00 PM,18,10
02/25/23 10:08:00 PM,17,10
02/25/23 10:07:00 PM,17,10
02/25/23 10:06:00 PM,17,10
02/25/23 10:05:00 PM,17,10
02/25/23 10:04:00 PM,17,10
02/25/23 10:03:00 PM,17,10
02/25/23 10:02:00 PM,17,10
02/25/23 10:01:00 PM,17,10
02/25/23 10:00:00 PM,18,10
02/25/23 09:59:00 PM,18,10
02/25/23 09:58:00 PM,18,10
02/25/23 09:57:00 PM,18,10
02/25/23 09:56:00 PM,18,10
02/25/23 09:55:00 PM,18,11
02/25/23 09:54:00 PM,19,10
02/25/23 09:53:00 PM,19,10
02/25/23 09:52:00 PM,17,10
02/25/23 09:51:00 PM,17,10
02/25/23 09:50:00 PM,18,11
02/25/23 09:49:00 PM,18,10
02/25/23 09:48:00 PM,18,11
02/25/23 09:47:00 PM,17,11
02/25/23 09:46:00 PM,17,11
02/25/23 09:45:00 PM,17,10
02/25/23 09:44:00 PM,17,11
02/25/23 09:43:00 PM,17,11
02/25/23 09:42:00 PM,17,10
02/25/23 09:41:00 PM,17,10
02/25/23 09:40:00 PM,19,11
02/25/23 09:39:00 PM,17,11
02/25/23 09:38:00 PM,18,11
02/25/23 09:37:00 PM,18,11
02/25/23 09:36:00 PM,18,11
02/25/23 09:35:00 PM,18,11
02/25/23 09:34:00 PM,18,11
02/25/23 09:33:00 PM,18,10
02/25/23 09:32:00 PM,17,10
02/25/23 09:31:00 PM,17,11
02/25/23 09:30:00 PM,18,11
02/25/23 09:29:00 PM,18,11
02/25/23 09:28:00 PM,18,11
02/25/23 09:27:00 PM,17,11
02/25/23 09:26:00 PM,17,11
02/25/23 09:25:00 PM,17,10
02/25/23 09:24:00 PM,18,11
02/25/23 09:23:00 PM,18,11
02/25/23 09:22:00 PM,18,11
02/25/23 09:21:00 PM,18,11
02/25/23 09:20:00 PM,17,10
02/25/23 09:19:00 PM,17,11
02/25/23 09:18:00 PM,16,11
02/25/23 09:17:00 PM,17,11
02/25/23 09:16:00 PM,18,11
02/25/23 09:15:00 PM,19,11
02/25/23 09:14:00 PM,18,11
02/25/23 09:13:00 PM,18,11
02/25/23 09:12:00 PM,18,11
02/25/23 09:11:00 PM,18,11
02/25/23 09:10:00 PM,17,11
02/25/23 09:09:00 PM,18,11
02/25/23 09:08:00 PM,18,11
02/25/23 09:07:00 PM,17,10
02/25/23 09:06:00 PM,18,11
02/25/23 09:05:00 PM,19,11
02/25/23 09:04:00 PM,19,11
02/25/23 09:03:00 PM,19,11
02/25/23 09:02:00 PM,18,11
02/25/23 09:01:00 PM,18,11
02/25/23 09:00:00 PM,18,11
02/25/23 08:59:00 PM,18,11
02/25/23 08:58:00 PM,18,11
02/25/23 08:57:00 PM,19,11
02/25/23 08:56:00 PM,19,11
02/25/23 08:55:00 PM,19,11
02/25/23 08:54:00 PM,18,11
02/25/23 08:53:00 PM,19,11
02/25/23 08:52:00 PM,19,11
02/25/23 08:51:00 PM,18,11
02/25/23 08:50:00 PM,18,11
02/25/23 08:49:00 PM,18,11
02/25/23 08:48:00 PM,18,11
02/25/23 08:47:00 PM,18,11
02/25/23 08:46:00 PM,17,11
02/25/23 08:45:00 PM,17,10
02/25/23 08:44:00 PM,18,11
02/25/23 08:43:00 PM,17,11
02/25/23 08:42:00 PM,17,11
02/25/23 08:41:00 PM,19,11
02/25/23 08:40:00 PM,18,11
02/25/23 08:39:00 PM,17,11
02/25/23 08:38:00 PM,17,11
02/25/23 08:37:00 PM,18,11
02/25/23 08:36:00 PM,18,11
02/25/23 08:35:00 PM,19,11
02/25/23 08:34:00 PM,18,11
02/25/23 08:33:00 PM,19,11
02/25/23 08:32:00 PM,20,11
02/25/23 08:31:00 PM,19,11
02/25/23 08:30:00 PM,19,11
02/25/23 08:29:00 PM,19,11
02/25/23 08:28:00 PM,18,11
02/25/23 08:27:00 PM,19,11
02/25/23 08:26:00 PM,17,10
02/25/23 08:25:00 PM,19,11
02/25/23 08:24:00 PM,18,11
02/25/23 08:23:00 PM,19,11
02/25/23 08:22:00 PM,17,11
02/25/23 08:21:00 PM,17,11
02/25/23 08:20:00 PM,18,11
02/25/23 08:19:00 PM,18,11
02/25/23 08:18:00 PM,18,11
02/25/23 08:17:00 PM,18,11
02/25/23 08:16:00 PM,18,11
02/25/23 08:15:00 PM,18,11
02/25/23 08:14:00 PM,18,11
02/25/23 08:13:00 PM,18,11
02/25/23 08:12:00 PM,19,11
02/25/23 08:11:00 PM,19,11
02/25/23 08:10:00 PM,17,11
02/25/23 08:09:00 PM,19,11
02/25/23 08:08:00 PM,18,11
02/25/23 08:07:00 PM,18,11
02/25/23 08:06:00 PM,19,11
02/25/23 08:05:00 PM,18,11
02/25/23 08:04:00 PM,18,11
02/25/23 08:03:00 PM,18,11
02/25/23 08:02:00 PM,18,11
02/25/23 08:01:00 PM,18,11
02/25/23 08:00:00 PM,18,11
02/25/23 07:59:00 PM,19,11
02/25/23 07:58:00 PM,19,11
02/25/23 07:57:00 PM,18,11
02/25/23 07:56:00 PM,17,11
02/25/23 07:55:00 PM,18,11
02/25/23 07:54:00 PM,19,11
02/25/23 07:53:00 PM,19,11
02/25/23 07:52:00 PM,18,11
02/25/23 07:51:00 PM,20,11
02/25/23 07:50:00 PM,19,11
02/25/23 07:49:00 PM,18,11
02/25/23 07:48:00 PM,18,11
02/25/23 07:47:00 PM,20,11
02/25/23 07:46:00 PM,18,11
02/25/23 07:45:00 PM,18,11
02/25/23 07:44:00 PM,18,11
02/25/23 07:43:00 PM,17,11
02/25/23 07:42:00 PM,19,11
02/25/23 07:41:00 PM,19,11
02/25/23 07:40:00 PM,20,12
02/25/23 07:39:00 PM,19,11
02/25/23 07:38:00 PM,20,11
02/25/23 07:37:00 PM,19,11
02/25/23 07:36:00 PM,19,12
02/25/23 07:35:00 PM,21,11
02/25/23 07:34:00 PM,18,11
02/25/23 07:33:00 PM,18,11
02/25/23 07:32:00 PM,19,12
02/25/23 07:31:00 PM,19,11
02/25/23 07:30:00 PM,19,11
02/25/23 07:29:00 PM,18,11
02/25/23 07:28:00 PM,18,11
02/25/23 07:27:00 PM,19,11
02/25/23 07:26:00 PM,20,12
02/25/23 07:25:00 PM,19,12
02/25/23 07:24:00 PM,19,11
02/25/23 07:23:00 PM,18,12
02/25/23 07:22:00 PM,18,11
02/25/23 07:21:00 PM,18,11
02/25/23 07:20:00 PM,18,12
02/25/23 07:19:00 PM,20,12
02/25/23 07:18:00 PM,19,12
02/25/23 07:17:00 PM,18,12
02/25/23 07:16:00 PM,19,12
02/25/23 07:15:00 PM,18,12
02/25/23 07:14:00 PM,18,11
02/25/23 07:13:00 PM,18,11
02/25/23 07:12:00 PM,18,12
02/25/23 07:11:00 PM,18,12
02/25/23 07:10:00 PM,19,12
02/25/23 07:09:00 PM,20,12
02/25/23 07:08:00 PM,19,12
02/25/23 07:07:00 PM,19,12
02/25/23 07:06:00 PM,19,12
02/25/23 07:05:00 PM,19,12
02/25/23 07:04:00 PM,20,12
02/25/23 07:03:00 PM,18,11
02/25/23 07:02:00 PM,18,11
02/25/23 07:01:00 PM,19,12
02/25/23 07:00:00 PM,18,11
02/25/23 06:59:00 PM,19,12
02/25/23 06:58:00 PM,19,12
02/25/23 06:57:00 PM,19,12
02/25/23 06:56:00 PM,19,12
02/25/23 06:55:00 PM,19,12
02/25/23 06:54:00 PM,19,12
02/25/23 06:53:00 PM,19,12
02/25/23 06:52:00 PM,19,12
02/25/23 06:51:00 PM,18,12
02/25/23 06:50:00 PM,18,12
02/25/23 06:49:00 PM,19,12
02/25/23 06:48:00 PM,17,12
02/25/23 06:47:00 PM,19,12
02/25/23 06:46:00 PM,19,12
02/25/23 06:45:00 PM,20,12
02/25/23 06:44:00 PM,19,12
02/25/23 06:43:00 PM,19,12
02/25/23 06:42:00 PM,19,12
02/25/23 06:41:00 PM,19,12
02/25/23 06:40:00 PM,19,12
02/25/23 06:39:00 PM,19,12
02/25/23 06:38:00 PM,20,12
02/25/23 06:37:00 PM,20,12
02/25/23 06:36:00 PM,20,12
02/25/23 06:35:00 PM,19,12
02/25/23 06:34:00 PM,20,13
02/25/23 06:33:00 PM,19,13
02/25/23 06:32:00 PM,20,13
02/25/23 06:31:00 PM,20,13
02/25/23 06:30:00 PM,20,13
02/25/23 06:29:00 PM,21,13
02/25/23 06:28:00 PM,20,13
02/25/23 06:27:00 PM,21,13
02/25/23 06:26:00 PM,20,13
02/25/23 06:25:00 PM,22,13
02/25/23 06:24:00 PM,19,13
02/25/23 06:23:00 PM,19,13
02/25/23 06:22:00 PM,20,13
02/25/23 06:21:00 PM,19,13
02/25/23 06:20:00 PM,21,13
02/25/23 06:19:00 PM,21,13
02/25/23 06:18:00 PM,21,13
02/25/23 06:17:00 PM,21,13
02/25/23 06:16:00 PM,21,13
02/25/23 06:15:00 PM,20,13
02/25/23 06:14:00 PM,20,13
02/25/23 06:13:00 PM,20,13
02/25/23 06:12:00 PM,21,13
02/25/23 06:11:00 PM,22,14
02/25/23 06:10:00 PM,21,14
02/25/23 06:09:00 PM,21,13
02/25/23 06:08:00 PM,22,14
02/25/23 06:07:00 PM,21,13
02/25/23 06:06:00 PM,21,13
02/25/23 06:05:00 PM,21,13
02/25/23 06:04:00 PM,21,13
02/25/23 06:03:00 PM,21,14
02/25/23 06:02:00 PM,22,14
02/25/23 06:01:00 PM,21,14
02/25/23 06:00:00 PM,21,14
02/25/23 05:59:00 PM,20,13
02/25/23 05:58:00 PM,21,14
02/25/23 05:57:00 PM,21,14
02/25/23 05:56:00 PM,21,14
02/25/23 05:55:00 PM,21,14
02/25/23 05:54:00 PM,22,14
02/25/23 05:53:00 PM,22,14
02/25/23 05:52:00 PM,22,14
02/25/23 05:51:00 PM,22,14
02/25/23 05:50:00 PM,22,14
02/25/23 05:49:00 PM,22,14
02/25/23 05:48:00 PM,22,14
02/25/23 05:47:00 PM,22,15
02/25/23 05:46:00 PM,22,15
02/25/23 05:45:00 PM,22,15
02/25/23 05:44:00 PM,22,15
02/25/23 05:43:00 PM,22,14
02/25/23 05:42:00 PM,23,15
02/25/23 05:41:00 PM,23,15
02/25/23 05:40:00 PM,22,15
02/25/23 05:39:00 PM,22,15
02/25/23 05:38:00 PM,23,15
02/25/23 05:37:00 PM,24,15
02/25/23 05:36:00 PM,23,15
02/25/23 05:35:00 PM,24,15
02/25/23 05:34:00 PM,22,15
02/25/23 05:33:00 PM,25,16
02/25/23 05:32:00 PM,24,15
02/25/23 05:31:00 PM,24,15
02/25/23 05:30:00 PM,23,15
02/25/23 05:29:00 PM,24,16
02/25/23 05:28:00 PM,25,16
02/25/23 05:27:00 PM,24,16
02/25/23 05:26:00 PM,24,16
02/25/23 05:25:00 PM,25,16
02/25/23 05:24:00 PM,26,15
02/25/23 05:23:00 PM,24,16
02/25/23 05:22:00 PM,25,16
02/25/23 05:21:00 PM,24,16
02/25/23 05:20:00 PM,24,16
02/25/23 05:19:00 PM,24,16
02/25/23 05:18:00 PM,24,16
02/25/23 05:17:00 PM,26,16
02/25/23 05:16:00 PM,26,16
02/25/23 05:15:00 PM,25,16
02/25/23 05:14:00 PM,26,17
02/25/23 05:13:00 PM,26,17
02/25/23 05:12:00 PM,24,16
02/25/23 05:11:00 PM,25,17
02/25/23 05:10:00 PM,27,17
02/25/23 05:09:00 PM,26,17
02/25/23 05:08:00 PM,25,16
02/25/23 05:07:00 PM,25,16
02/25/23 05:06:00 PM,26,17
02/25/23 05:05:00 PM,27,18
02/25/23 05:04:00 PM,27,18
02/25/23 05:03:00 PM,27,17
02/25/23 05:02:00 PM,26,18
02/25/23 05:01:00 PM,26,18
02/25/23 05:00:00 PM,26,17
02/25/23 04:59:00 PM,26,18
02/25/23 04:58:00 PM,27,18
02/25/23 04:57:00 PM,26,18
02/25/23 04:56:00 PM,28,18
02/25/23 04:55:00 PM,27,18
02/25/23 04:54:00 PM,27,18
02/25/23 04:53:00 PM,28,18
02/25/23 04:52:00 PM,28,18
02/25/23 04:51:00 PM,27,19
02/25/23 04:50:00 PM,28,19
02/25/23 04:49:00 PM,29,19
02/25/23 04:48:00 PM,29,19
02/25/23 04:47:00 PM,28,19
02/25/23 04:46:00 PM,31,22
02/25/23 04:45:00 PM,362,253
02/25/23 04:44:00 PM,162,80
02/25/23 04:43:00 PM,174,87
02/25/23 04:42:00 PM,180,89
02/25/23 04:41:00 PM,167,86
02/25/23 04:40:00 PM,149,74
02/25/23 04:39:00 PM,162,81
02/25/23 04:38:00 PM,143,73
02/25/23 04:37:00 PM,107,54
02/25/23 04:36:00 PM,49,29
02/25/23 04:35:00 PM,26,16
02/25/23 04:34:00 PM,25,16
02/25/23 04:33:00 PM,26,16
02/25/23 04:32:00 PM,24,15
02/25/23 04:31:00 PM,24,15
02/25/23 04:30:00 PM,24,16
02/25/23 04:29:00 PM,24,15
02/25/23 04:28:00 PM,29,17
02/25/23 04:27:00 PM,33,19
02/25/23 04:26:00 PM,33,19
02/25/23 04:25:00 PM,27,16
02/25/23 04:24:00 PM,24,15
02/25/23 04:23:00 PM,23,14
02/25/23 04:22:00 PM,25,15
02/25/23 04:21:00 PM,24,14
02/25/23 04:20:00 PM,24,15
02/25/23 04:19:00 PM,23,14
02/25/23 04:18:00 PM,24,14
02/25/23 04:17:00 PM,23,14
02/25/23 04:16:00 PM,24,14
02/25/23 04:15:00 PM,23,14
02/25/23 04:14:00 PM,25,14
02/25/23 04:13:00 PM,30,16
02/25/23 04:12:00 PM,28,16
02/25/23 04:11:00 PM,28,16
02/25/23 04:10:00 PM,26,15
02/25/23 04:09:00 PM,172,84
02/25/23 04:08:00 PM,39,22
02/25/23 04:07:00 PM,20,11
02/25/23 04:06:00 PM,19,10
02/25/23 04:05:00 PM,18,10
02/25/23 04:04:00 PM,19,10
02/25/23 04:03:00 PM,19,10
02/25/23 04:02:00 PM,20,11
02/25/23 04:01:00 PM,19,10
02/25/23 04:00:00 PM,19,10
02/25/23 03:59:00 PM,20,10
02/25/23 03:58:00 PM,20,10
02/25/23 03:57:00 PM,20,11
02/25/23 03:56:00 PM,21,11
02/25/23 03:55:00 PM,20,10
02/25/23 03:54:00 PM,21,11
02/25/23 03:53:00 PM,20,11
02/25/23 03:52:00 PM,20,11
02/25/23 03:51:00 PM,23,11
02/25/23 03:50:00 PM,21,10
02/25/23 03:49:00 PM,21,10
02/25/23 03:48:00 PM,21,11
02/25/23 03:47:00 PM,22,11
02/25/23 03:46:00 PM,21,11
02/25/23 03:45:00 PM,21,11
02/25/23 03:44:00 PM,23,11
